ID,Name,Generation,Type 1,Type 2,HP,Attack,Defense,Sp. Atk,Sp. Def,Speed,Legendary,Sprite URL,promedio_estadisticas
1,Bulbasaur,1,Grass,Poison,45,49,49,65,65,45,False,https://raw.githubusercontent.com/PokeAPI/sprites/master/sprites/pokemon/1.png,53.0
2,Ivysaur,1,Grass,Poison,60,62,63,80,80,60,False,https://raw.githubusercontent.com/PokeAPI/sprites/master/sprites/pokemon/2.png,67.5
3,Venusaur,1,Grass,Poison,80,82,83,100,100,80,False,https://raw.githubusercontent.com/PokeAPI/sprites/master/sprites/pokemon/3.png,87.5
4,Charmander,1,Fire,,39,52,43,60,50,65,False,https://raw.githubusercontent.com/PokeAPI/sprites/master/sprites/pokemon/4.png,51.5
5,Charmeleon,1,Fire,,58,64,58,80,65,80,False,https://raw.githubusercontent.com/PokeAPI/sprites/master/sprites/pokemon/5.png,67.5
6,Charizard,1,Fire,Flying,78,84,78,109,85,100,False,https://raw.githubusercontent.com/PokeAPI/sprites/master/sprites/pokemon/6.png,89.0
7,Squirtle,1,Water,,44,48,65,50,64,43,False,https://raw.githubusercontent.com/PokeAPI/sprites/master/sprites/pokemon/7.png,52.33
8,Wartortle,1,Water,,59,63,80,65,80,58,False,https://raw.githubusercontent.com/PokeAPI/sprites/master/sprites/pokemon/8.png,67.5
9,Blastoise,1,Water,,79,83,100,85,105,78,False,https://raw.githubusercontent.com/PokeAPI/sprites/master/sprites/pokemon/9.png,88.33
10,Caterpie,1,Bug,,45,30,35,20,20,45,False,https://raw.githubusercontent.com/PokeAPI/sprites/master/sprites/pokemon/10.png,32.5
11,Metapod,1,Bug,,50,20,55,25,25,30,False,https://raw.githubusercontent.com/PokeAPI/sprites/master/sprites/pokemon/11.png,34.17
12,Butterfree,1,Bug,Flying,60,45,50,90,80,70,False,https://raw.githubusercontent.com/PokeAPI/sprites/master/sprites/pokemon/12.png,65.83
13,Weedle,1,Bug,Poison,40,35,30,20,20,50,False,https://raw.githubusercontent.com/PokeAPI/sprites/master/sprites/pokemon/13.png,32.5
14,Kakuna,1,Bug,Poison,45,25,50,25,25,35,False,https://raw.githubusercontent.com/PokeAPI/sprites/master/sprites/pokemon/14.png,34.17
15,Beedrill,1,Bug,Poison,65,90,40,45,80,75,False,https://raw.githubusercontent.com/PokeAPI/sprites/master/sprites/pokemon/15.png,65.83
16,Pidgey,1,Normal,Flying,40,45,40,35,35,56,False,https://raw.githubusercontent.com/PokeAPI/sprites/master/sprites/pokemon/16.png,41.83
17,Pidgeotto,1,Normal,Flying,63,60,55,50,50,71,False,https://raw.githubusercontent.com/PokeAPI/sprites/master/sprites/pokemon/17.png,58.17
18,Pidgeot,1,Normal,Flying,83,80,75,70,70,101,False,https://raw.githubusercontent.com/PokeAPI/sprites/master/sprites/pokemon/18.png,79.83
19,Rattata,1,Normal,,30,56,35,25,35,72,False,https://raw.githubusercontent.com/PokeAPI/sprites/master/sprites/pokemon/19.png,42.17
20,Raticate,1,Normal,,55,81,60,50,70,97,False,https://raw.githubusercontent.com/PokeAPI/sprites/master/sprites/pokemon/20.png,68.83
21,Spearow,1,Normal,Flying,40,60,30,31,31,70,False,https://raw.githubusercontent.com/PokeAPI/sprites/master/sprites/pokemon/21.png,43.67
22,Fearow,1,Normal,Flying,65,90,65,61,61,100,False,https://raw.githubusercontent.com/PokeAPI/sprites/master/sprites/pokemon/22.png,73.67
23,Ekans,1,Poison,,35,60,44,40,54,55,False,https://raw.githubusercontent.com/PokeAPI/sprites/master/sprites/pokemon/23.png,48.0
24,Arbok,1,Poison,,60,95,69,65,79,80,False,https://raw.githubusercontent.com/PokeAPI/sprites/master/sprites/pokemon/24.png,74.67
25,Pikachu,1,Electric,,35,55,40,50,50,90,False,https://raw.githubusercontent.com/PokeAPI/sprites/master/sprites/pokemon/25.png,53.33
26,Raichu,1,Electric,,60,90,55,90,80,110,False,https://raw.githubusercontent.com/PokeAPI/sprites/master/sprites/pokemon/26.png,80.83
27,Sandshrew,1,Ground,,50,75,85,20,30,40,False,https://raw.githubusercontent.com/PokeAPI/sprites/master/sprites/pokemon/27.png,50.0
28,Sandslash,1,Ground,,75,100,110,45,55,65,False,https://raw.githubusercontent.com/PokeAPI/sprites/master/sprites/pokemon/28.png,75.0
29,Nidoran F,1,Poison,,55,47,52,40,40,41,False,https://raw.githubusercontent.com/PokeAPI/sprites/master/sprites/pokemon/29.png,45.83
30,Nidorina,1,Poison,,70,62,67,55,55,56,False,https://raw.githubusercontent.com/PokeAPI/sprites/master/sprites/pokemon/30.png,60.83
31,Nidoqueen,1,Poison,Ground,90,92,87,75,85,76,False,https://raw.githubusercontent.com/PokeAPI/sprites/master/sprites/pokemon/31.png,84.17
32,Nidoran M,1,Poison,,46,57,40,40,40,50,False,https://raw.githubusercontent.com/PokeAPI/sprites/master/sprites/pokemon/32.png,45.5
33,Nidorino,1,Poison,,61,72,57,55,55,65,False,https://raw.githubusercontent.com/PokeAPI/sprites/master/sprites/pokemon/33.png,60.83
34,Nidoking,1,Poison,Ground,81,102,77,85,75,85,False,https://raw.githubusercontent.com/PokeAPI/sprites/master/sprites/pokemon/34.png,84.17
35,Clefairy,1,Fairy,,70,45,48,60,65,35,False,https://raw.githubusercontent.com/PokeAPI/sprites/master/sprites/pokemon/35.png,53.83
36,Clefable,1,Fairy,,95,70,73,95,90,60,False,https://raw.githubusercontent.com/PokeAPI/sprites/master/sprites/pokemon/36.png,80.5
37,Vulpix,1,Fire,,38,41,40,50,65,65,False,https://raw.githubusercontent.com/PokeAPI/sprites/master/sprites/pokemon/37.png,49.83
38,Ninetales,1,Fire,,73,76,75,81,100,100,False,https://raw.githubusercontent.com/PokeAPI/sprites/master/sprites/pokemon/38.png,84.17
39,Jigglypuff,1,Normal,Fairy,115,45,20,45,25,20,False,https://raw.githubusercontent.com/PokeAPI/sprites/master/sprites/pokemon/39.png,45.0
40,Wigglytuff,1,Normal,Fairy,140,70,45,85,50,45,False,https://raw.githubusercontent.com/PokeAPI/sprites/master/sprites/pokemon/40.png,72.5
41,Zubat,1,Poison,Flying,40,45,35,30,40,55,False,https://raw.githubusercontent.com/PokeAPI/sprites/master/sprites/pokemon/41.png,40.83
42,Golbat,1,Poison,Flying,75,80,70,65,75,90,False,https://raw.githubusercontent.com/PokeAPI/sprites/master/sprites/pokemon/42.png,75.83
43,Oddish,1,Grass,Poison,45,50,55,75,65,30,False,https://raw.githubusercontent.com/PokeAPI/sprites/master/sprites/pokemon/43.png,53.33
44,Gloom,1,Grass,Poison,60,65,70,85,75,40,False,https://raw.githubusercontent.com/PokeAPI/sprites/master/sprites/pokemon/44.png,65.83
45,Vileplume,1,Grass,Poison,75,80,85,110,90,50,False,https://raw.githubusercontent.com/PokeAPI/sprites/master/sprites/pokemon/45.png,81.67
46,Paras,1,Bug,Grass,35,70,55,45,55,25,False,https://raw.githubusercontent.com/PokeAPI/sprites/master/sprites/pokemon/46.png,47.5
47,Parasect,1,Bug,Grass,60,95,80,60,80,30,False,https://raw.githubusercontent.com/PokeAPI/sprites/master/sprites/pokemon/47.png,67.5
48,Venonat,1,Bug,Poison,60,55,50,40,55,45,False,https://raw.githubusercontent.com/PokeAPI/sprites/master/sprites/pokemon/48.png,50.83
49,Venomoth,1,Bug,Poison,70,65,60,90,75,90,False,https://raw.githubusercontent.com/PokeAPI/sprites/master/sprites/pokemon/49.png,75.0
50,Diglett,1,Ground,,10,55,25,35,45,95,False,https://raw.githubusercontent.com/PokeAPI/sprites/master/sprites/pokemon/50.png,44.17
51,Dugtrio,1,Ground,,35,100,50,50,70,120,False,https://raw.githubusercontent.com/PokeAPI/sprites/master/sprites/pokemon/51.png,70.83
52,Meowth,1,Normal,,40,45,35,40,40,90,False,https://raw.githubusercontent.com/PokeAPI/sprites/master/sprites/pokemon/52.png,48.33
53,Persian,1,Normal,,65,70,60,65,65,115,False,https://raw.githubusercontent.com/PokeAPI/sprites/master/sprites/pokemon/53.png,73.33
54,Psyduck,1,Water,,50,52,48,65,50,55,False,https://raw.githubusercontent.com/PokeAPI/sprites/master/sprites/pokemon/54.png,53.33
55,Golduck,1,Water,,80,82,78,95,80,85,False,https://raw.githubusercontent.com/PokeAPI/sprites/master/sprites/pokemon/55.png,83.33
56,Mankey,1,Fighting,,40,80,35,35,45,70,False,https://raw.githubusercontent.com/PokeAPI/sprites/master/sprites/pokemon/56.png,50.83
57,Primeape,1,Fighting,,65,105,60,60,70,95,False,https://raw.githubusercontent.com/PokeAPI/sprites/master/sprites/pokemon/57.png,75.83
58,Growlithe,1,Fire,,55,70,45,70,50,60,False,https://raw.githubusercontent.com/PokeAPI/sprites/master/sprites/pokemon/58.png,58.33
59,Arcanine,1,Fire,,90,110,80,100,80,95,False,https://raw.githubusercontent.com/PokeAPI/sprites/master/sprites/pokemon/59.png,92.5
60,Poliwag,1,Water,,40,50,40,40,40,90,False,https://raw.githubusercontent.com/PokeAPI/sprites/master/sprites/pokemon/60.png,50.0
61,Poliwhirl,1,Water,,65,65,65,50,50,90,False,https://raw.githubusercontent.com/PokeAPI/sprites/master/sprites/pokemon/61.png,64.17
62,Poliwrath,1,Water,Fighting,90,95,95,70,90,70,False,https://raw.githubusercontent.com/PokeAPI/sprites/master/sprites/pokemon/62.png,85.0
63,Abra,1,Psychic,,25,20,15,105,55,90,False,https://raw.githubusercontent.com/PokeAPI/sprites/master/sprites/pokemon/63.png,51.67
64,Kadabra,1,Psychic,,40,35,30,120,70,105,False,https://raw.githubusercontent.com/PokeAPI/sprites/master/sprites/pokemon/64.png,66.67
65,Alakazam,1,Psychic,,55,50,45,135,95,120,False,https://raw.githubusercontent.com/PokeAPI/sprites/master/sprites/pokemon/65.png,83.33
66,Machop,1,Fighting,,70,80,50,35,35,35,False,https://raw.githubusercontent.com/PokeAPI/sprites/master/sprites/pokemon/66.png,50.83
67,Machoke,1,Fighting,,80,100,70,50,60,45,False,https://raw.githubusercontent.com/PokeAPI/sprites/master/sprites/pokemon/67.png,67.5
68,Machamp,1,Fighting,,90,130,80,65,85,55,False,https://raw.githubusercontent.com/PokeAPI/sprites/master/sprites/pokemon/68.png,84.17
69,Bellsprout,1,Grass,Poison,50,75,35,70,30,40,False,https://raw.githubusercontent.com/PokeAPI/sprites/master/sprites/pokemon/69.png,50.0
70,Weepinbell,1,Grass,Poison,65,90,50,85,45,55,False,https://raw.githubusercontent.com/PokeAPI/sprites/master/sprites/pokemon/70.png,65.0
71,Victreebel,1,Grass,Poison,80,105,65,100,70,70,False,https://raw.githubusercontent.com/PokeAPI/sprites/master/sprites/pokemon/71.png,81.67
72,Tentacool,1,Water,Poison,40,40,35,50,100,70,False,https://raw.githubusercontent.com/PokeAPI/sprites/master/sprites/pokemon/72.png,55.83
73,Tentacruel,1,Water,Poison,80,70,65,80,120,100,False,https://raw.githubusercontent.com/PokeAPI/sprites/master/sprites/pokemon/73.png,85.83
74,Geodude,1,Rock,Ground,40,80,100,30,30,20,False,https://raw.githubusercontent.com/PokeAPI/sprites/master/sprites/pokemon/74.png,50.0
75,Graveler,1,Rock,Ground,55,95,115,45,45,35,False,https://raw.githubusercontent.com/PokeAPI/sprites/master/sprites/pokemon/75.png,65.0
76,Golem,1,Rock,Ground,80,120,130,55,65,45,False,https://raw.githubusercontent.com/PokeAPI/sprites/master/sprites/pokemon/76.png,82.5
77,Ponyta,1,Fire,,50,85,55,65,65,90,False,https://raw.githubusercontent.com/PokeAPI/sprites/master/sprites/pokemon/77.png,68.33
78,Rapidash,1,Fire,,65,100,70,80,80,105,False,https://raw.githubusercontent.com/PokeAPI/sprites/master/sprites/pokemon/78.png,83.33
79,Slowpoke,1,Water,Psychic,90,65,65,40,40,15,False,https://raw.githubusercontent.com/PokeAPI/sprites/master/sprites/pokemon/79.png,52.5
80,Slowbro,1,Water,Psychic,95,75,110,100,80,30,False,https://raw.githubusercontent.com/PokeAPI/sprites/master/sprites/pokemon/80.png,81.67
81,Magnemite,1,Electric,Steel,25,35,70,95,55,45,False,https://raw.githubusercontent.com/PokeAPI/sprites/master/sprites/pokemon/81.png,54.17
82,Magneton,1,Electric,Steel,50,60,95,120,70,70,False,https://raw.githubusercontent.com/PokeAPI/sprites/master/sprites/pokemon/82.png,77.5
83,Farfetchd,1,Normal,Flying,52,90,55,58,62,60,False,https://raw.githubusercontent.com/PokeAPI/sprites/master/sprites/pokemon/83.png,62.83
84,Doduo,1,Normal,Flying,35,85,45,35,35,75,False,https://raw.githubusercontent.com/PokeAPI/sprites/master/sprites/pokemon/84.png,51.67
85,Dodrio,1,Normal,Flying,60,110,70,60,60,110,False,https://raw.githubusercontent.com/PokeAPI/sprites/master/sprites/pokemon/85.png,78.33
86,Seel,1,Water,,65,45,55,45,70,45,False,https://raw.githubusercontent.com/PokeAPI/sprites/master/sprites/pokemon/86.png,54.17
87,Dewgong,1,Water,Ice,90,70,80,70,95,70,False,https://raw.githubusercontent.com/PokeAPI/sprites/master/sprites/pokemon/87.png,79.17
88,Grimer,1,Poison,,80,80,50,40,50,25,False,https://raw.githubusercontent.com/PokeAPI/sprites/master/sprites/pokemon/88.png,54.17
89,Muk,1,Poison,,105,105,75,65,100,50,False,https://raw.githubusercontent.com/PokeAPI/sprites/master/sprites/pokemon/89.png,83.33
90,Shellder,1,Water,,30,65,100,45,25,40,False,https://raw.githubusercontent.com/PokeAPI/sprites/master/sprites/pokemon/90.png,50.83
91,Cloyster,1,Water,Ice,50,95,180,85,45,70,False,https://raw.githubusercontent.com/PokeAPI/sprites/master/sprites/pokemon/91.png,87.5
92,Gastly,1,Ghost,Poison,30,35,30,100,35,80,False,https://raw.githubusercontent.com/PokeAPI/sprites/master/sprites/pokemon/92.png,51.67
93,Haunter,1,Ghost,Poison,45,50,45,115,55,95,False,https://raw.githubusercontent.com/PokeAPI/sprites/master/sprites/pokemon/93.png,67.5
94,Gengar,1,Ghost,Poison,60,65,60,130,75,110,False,https://raw.githubusercontent.com/PokeAPI/sprites/master/sprites/pokemon/94.png,83.33
95,Onix,1,Rock,Ground,35,45,160,30,45,70,False,https://raw.githubusercontent.com/PokeAPI/sprites/master/sprites/pokemon/95.png,64.17
96,Drowzee,1,Psychic,,60,48,45,43,90,42,False,https://raw.githubusercontent.com/PokeAPI/sprites/master/sprites/pokemon/96.png,54.67
97,Hypno,1,Psychic,,85,73,70,73,115,67,False,https://raw.githubusercontent.com/PokeAPI/sprites/master/sprites/pokemon/97.png,80.5
98,Krabby,1,Water,,30,105,90,25,25,50,False,https://raw.githubusercontent.com/PokeAPI/sprites/master/sprites/pokemon/98.png,54.17
99,Kingler,1,Water,,55,130,115,50,50,75,False,https://raw.githubusercontent.com/PokeAPI/sprites/master/sprites/pokemon/99.png,79.17
100,Voltorb,1,Electric,,40,30,50,55,55,100,False,https://raw.githubusercontent.com/PokeAPI/sprites/master/sprites/pokemon/100.png,55.0
101,Electrode,1,Electric,,60,50,70,80,80,150,False,https://raw.githubusercontent.com/PokeAPI/sprites/master/sprites/pokemon/101.png,81.67
102,Exeggcute,1,Grass,Psychic,60,40,80,60,45,40,False,https://raw.githubusercontent.com/PokeAPI/sprites/master/sprites/pokemon/102.png,54.17
103,Exeggutor,1,Grass,Psychic,95,95,85,125,75,55,False,https://raw.githubusercontent.com/PokeAPI/sprites/master/sprites/pokemon/103.png,88.33
104,Cubone,1,Ground,,50,50,95,40,50,35,False,https://raw.githubusercontent.com/PokeAPI/sprites/master/sprites/pokemon/104.png,53.33
105,Marowak,1,Ground,,60,80,110,50,80,45,False,https://raw.githubusercontent.com/PokeAPI/sprites/master/sprites/pokemon/105.png,70.83
106,Hitmonlee,1,Fighting,,50,120,53,35,110,87,False,https://raw.githubusercontent.com/PokeAPI/sprites/master/sprites/pokemon/106.png,75.83
107,Hitmonchan,1,Fighting,,50,105,79,35,110,76,False,https://raw.githubusercontent.com/PokeAPI/sprites/master/sprites/pokemon/107.png,75.83
108,Lickitung,1,Normal,,90,55,75,60,75,30,False,https://raw.githubusercontent.com/PokeAPI/sprites/master/sprites/pokemon/108.png,64.17
109,Koffing,1,Poison,,40,65,95,60,45,35,False,https://raw.githubusercontent.com/PokeAPI/sprites/master/sprites/pokemon/109.png,56.67
110,Weezing,1,Poison,,65,90,120,85,70,60,False,https://raw.githubusercontent.com/PokeAPI/sprites/master/sprites/pokemon/110.png,81.67
111,Rhyhorn,1,Ground,Rock,80,85,95,30,30,25,False,https://raw.githubusercontent.com/PokeAPI/sprites/master/sprites/pokemon/111.png,57.5
112,Rhydon,1,Ground,Rock,105,130,120,45,45,40,False,https://raw.githubusercontent.com/PokeAPI/sprites/master/sprites/pokemon/112.png,80.83
113,Chansey,1,Normal,,250,5,5,35,105,50,False,https://raw.githubusercontent.com/PokeAPI/sprites/master/sprites/pokemon/113.png,75.0
114,Tangela,1,Grass,,65,55,115,100,40,60,False,https://raw.githubusercontent.com/PokeAPI/sprites/master/sprites/pokemon/114.png,72.5
115,Kangaskhan,1,Normal,,105,95,80,40,80,90,False,https://raw.githubusercontent.com/PokeAPI/sprites/master/sprites/pokemon/115.png,81.67
116,Horsea,1,Water,,30,40,70,70,25,60,False,https://raw.githubusercontent.com/PokeAPI/sprites/master/sprites/pokemon/116.png,49.17
117,Seadra,1,Water,,55,65,95,95,45,85,False,https://raw.githubusercontent.com/PokeAPI/sprites/master/sprites/pokemon/117.png,73.33
118,Goldeen,1,Water,,45,67,60,35,50,63,False,https://raw.githubusercontent.com/PokeAPI/sprites/master/sprites/pokemon/118.png,53.33
119,Seaking,1,Water,,80,92,65,65,80,68,False,https://raw.githubusercontent.com/PokeAPI/sprites/master/sprites/pokemon/119.png,75.0
120,Staryu,1,Water,,30,45,55,70,55,85,False,https://raw.githubusercontent.com/PokeAPI/sprites/master/sprites/pokemon/120.png,56.67
121,Starmie,1,Water,Psychic,60,75,85,100,85,115,False,https://raw.githubusercontent.com/PokeAPI/sprites/master/sprites/pokemon/121.png,86.67
122,Mr Mime,1,Psychic,Fairy,40,45,65,100,120,90,False,https://raw.githubusercontent.com/PokeAPI/sprites/master/sprites/pokemon/122.png,76.67
123,Scyther,1,Bug,Flying,70,110,80,55,80,105,False,https://raw.githubusercontent.com/PokeAPI/sprites/master/sprites/pokemon/123.png,83.33
124,Jynx,1,Ice,Psychic,65,50,35,115,95,95,False,https://raw.githubusercontent.com/PokeAPI/sprites/master/sprites/pokemon/124.png,75.83
125,Electabuzz,1,Electric,,65,83,57,95,85,105,False,https://raw.githubusercontent.com/PokeAPI/sprites/master/sprites/pokemon/125.png,81.67
126,Magmar,1,Fire,,65,95,57,100,85,93,False,https://raw.githubusercontent.com/PokeAPI/sprites/master/sprites/pokemon/126.png,82.5
127,Pinsir,1,Bug,,65,125,100,55,70,85,False,https://raw.githubusercontent.com/PokeAPI/sprites/master/sprites/pokemon/127.png,83.33
128,Tauros,1,Normal,,75,100,95,40,70,110,False,https://raw.githubusercontent.com/PokeAPI/sprites/master/sprites/pokemon/128.png,81.67
129,Magikarp,1,Water,,20,10,55,15,20,80,False,https://raw.githubusercontent.com/PokeAPI/sprites/master/sprites/pokemon/129.png,33.33
130,Gyarados,1,Water,Flying,95,125,79,60,100,81,False,https://raw.githubusercontent.com/PokeAPI/sprites/master/sprites/pokemon/130.png,90.0
131,Lapras,1,Water,Ice,130,85,80,85,95,60,False,https://raw.githubusercontent.com/PokeAPI/sprites/master/sprites/pokemon/131.png,89.17
132,Ditto,1,Normal,,48,48,48,48,48,48,False,https://raw.githubusercontent.com/PokeAPI/sprites/master/sprites/pokemon/132.png,48.0
133,Eevee,1,Normal,,55,55,50,45,65,55,False,https://raw.githubusercontent.com/PokeAPI/sprites/master/sprites/pokemon/133.png,54.17
134,Vaporeon,1,Water,,130,65,60,110,95,65,False,https://raw.githubusercontent.com/PokeAPI/sprites/master/sprites/pokemon/134.png,87.5
135,Jolteon,1,Electric,,65,65,60,110,95,130,False,https://raw.githubusercontent.com/PokeAPI/sprites/master/sprites/pokemon/135.png,87.5
136,Flareon,1,Fire,,65,130,60,95,110,65,False,https://raw.githubusercontent.com/PokeAPI/sprites/master/sprites/pokemon/136.png,87.5
137,Porygon,1,Normal,,65,60,70,85,75,40,False,https://raw.githubusercontent.com/PokeAPI/sprites/master/sprites/pokemon/137.png,65.83
138,Omanyte,1,Rock,Water,35,40,100,90,55,35,False,https://raw.githubusercontent.com/PokeAPI/sprites/master/sprites/pokemon/138.png,59.17
139,Omastar,1,Rock,Water,70,60,125,115,70,55,False,https://raw.githubusercontent.com/PokeAPI/sprites/master/sprites/pokemon/139.png,82.5
140,Kabuto,1,Rock,Water,30,80,90,55,45,55,False,https://raw.githubusercontent.com/PokeAPI/sprites/master/sprites/pokemon/140.png,59.17
141,Kabutops,1,Rock,Water,60,115,105,65,70,80,False,https://raw.githubusercontent.com/PokeAPI/sprites/master/sprites/pokemon/141.png,82.5
142,Aerodactyl,1,Rock,Flying,80,105,65,60,75,130,False,https://raw.githubusercontent.com/PokeAPI/sprites/master/sprites/pokemon/142.png,85.83
143,Snorlax,1,Normal,,160,110,65,65,110,30,False,https://raw.githubusercontent.com/PokeAPI/sprites/master/sprites/pokemon/143.png,90.0
144,Articuno,1,Ice,Flying,90,85,100,95,125,85,True,https://raw.githubusercontent.com/PokeAPI/sprites/master/sprites/pokemon/144.png,96.67
145,Zapdos,1,Electric,Flying,90,90,85,125,90,100,True,https://raw.githubusercontent.com/PokeAPI/sprites/master/sprites/pokemon/145.png,96.67
146,Moltres,1,Fire,Flying,90,100,90,125,85,90,True,https://raw.githubusercontent.com/PokeAPI/sprites/master/sprites/pokemon/146.png,96.67
147,Dratini,1,Dragon,,41,64,45,50,50,50,False,https://raw.githubusercontent.com/PokeAPI/sprites/master/sprites/pokemon/147.png,50.0
148,Dragonair,1,Dragon,,61,84,65,70,70,70,False,https://raw.githubusercontent.com/PokeAPI/sprites/master/sprites/pokemon/148.png,70.0
149,Dragonite,1,Dragon,Flying,91,134,95,100,100,80,False,https://raw.githubusercontent.com/PokeAPI/sprites/master/sprites/pokemon/149.png,100.0
150,Mewtwo,1,Psychic,,106,110,90,154,90,130,True,https://raw.githubusercontent.com/PokeAPI/sprites/master/sprites/pokemon/150.png,113.33
151,Mew,1,Psychic,,100,100,100,100,100,100,True,https://raw.githubusercontent.com/PokeAPI/sprites/master/sprites/pokemon/151.png,100.0
152,Chikorita,2,Grass,,45,49,65,49,65,45,False,https://raw.githubusercontent.com/PokeAPI/sprites/master/sprites/pokemon/152.png,53.0
153,Bayleef,2,Grass,,60,62,80,63,80,60,False,https://raw.githubusercontent.com/PokeAPI/sprites/master/sprites/pokemon/153.png,67.5
154,Meganium,2,Grass,,80,82,100,83,100,80,False,https://raw.githubusercontent.com/PokeAPI/sprites/master/sprites/pokemon/154.png,87.5
155,Cyndaquil,2,Fire,,39,52,43,60,50,65,False,https://raw.githubusercontent.com/PokeAPI/sprites/master/sprites/pokemon/155.png,51.5
156,Quilava,2,Fire,,58,64,58,80,65,80,False,https://raw.githubusercontent.com/PokeAPI/sprites/master/sprites/pokemon/156.png,67.5
157,Typhlosion,2,Fire,,78,84,78,109,85,100,False,https://raw.githubusercontent.com/PokeAPI/sprites/master/sprites/pokemon/157.png,89.0
158,Totodile,2,Water,,50,65,64,44,48,43,False,https://raw.githubusercontent.com/PokeAPI/sprites/master/sprites/pokemon/158.png,52.33
159,Croconaw,2,Water,,65,80,80,59,63,58,False,https://raw.githubusercontent.com/PokeAPI/sprites/master/sprites/pokemon/159.png,67.5
160,Feraligatr,2,Water,,85,105,100,79,83,78,False,https://raw.githubusercontent.com/PokeAPI/sprites/master/sprites/pokemon/160.png,88.33
161,Sentret,2,Normal,,35,46,34,35,45,20,False,https://raw.githubusercontent.com/PokeAPI/sprites/master/sprites/pokemon/161.png,35.83
162,Furret,2,Normal,,85,76,64,45,55,90,False,https://raw.githubusercontent.com/PokeAPI/sprites/master/sprites/pokemon/162.png,69.17
163,Hoothoot,2,Normal,Flying,60,30,30,36,56,50,False,https://raw.githubusercontent.com/PokeAPI/sprites/master/sprites/pokemon/163.png,43.67
164,Noctowl,2,Normal,Flying,100,50,50,86,96,70,False,https://raw.githubusercontent.com/PokeAPI/sprites/master/sprites/pokemon/164.png,75.33
165,Ledyba,2,Bug,Flying,40,20,30,40,80,55,False,https://raw.githubusercontent.com/PokeAPI/sprites/master/sprites/pokemon/165.png,44.17
166,Ledian,2,Bug,Flying,55,35,50,55,110,85,False,https://raw.githubusercontent.com/PokeAPI/sprites/master/sprites/pokemon/166.png,65.0
167,Spinarak,2,Bug,Poison,40,60,40,40,40,30,False,https://raw.githubusercontent.com/PokeAPI/sprites/master/sprites/pokemon/167.png,41.67
168,Ariados,2,Bug,Poison,70,90,70,60,70,40,False,https://raw.githubusercontent.com/PokeAPI/sprites/master/sprites/pokemon/168.png,66.67
169,Crobat,2,Poison,Flying,85,90,80,70,80,130,False,https://raw.githubusercontent.com/PokeAPI/sprites/master/sprites/pokemon/169.png,89.17
170,Chinchou,2,Water,Electric,75,38,38,56,56,67,False,https://raw.githubusercontent.com/PokeAPI/sprites/master/sprites/pokemon/170.png,55.0
171,Lanturn,2,Water,Electric,125,58,58,76,76,67,False,https://raw.githubusercontent.com/PokeAPI/sprites/master/sprites/pokemon/171.png,76.67
172,Pichu,2,Electric,,20,40,15,35,35,60,False,https://raw.githubusercontent.com/PokeAPI/sprites/master/sprites/pokemon/172.png,34.17
173,Cleffa,2,Fairy,,50,25,28,45,55,15,False,https://raw.githubusercontent.com/PokeAPI/sprites/master/sprites/pokemon/173.png,36.33
174,Igglybuff,2,Normal,Fairy,90,30,15,40,20,15,False,https://raw.githubusercontent.com/PokeAPI/sprites/master/sprites/pokemon/174.png,35.0
175,Togepi,2,Fairy,,35,20,65,40,65,20,False,https://raw.githubusercontent.com/PokeAPI/sprites/master/sprites/pokemon/175.png,40.83
176,Togetic,2,Fairy,Flying,55,40,85,80,105,40,False,https://raw.githubusercontent.com/PokeAPI/sprites/master/sprites/pokemon/176.png,67.5
177,Natu,2,Psychic,Flying,40,50,45,70,45,70,False,https://raw.githubusercontent.com/PokeAPI/sprites/master/sprites/pokemon/177.png,53.33
178,Xatu,2,Psychic,Flying,65,75,70,95,70,95,False,https://raw.githubusercontent.com/PokeAPI/sprites/master/sprites/pokemon/178.png,78.33
179,Mareep,2,Electric,,55,40,40,65,45,35,False,https://raw.githubusercontent.com/PokeAPI/sprites/master/sprites/pokemon/179.png,46.67
180,Flaaffy,2,Electric,,70,55,55,80,60,45,False,https://raw.githubusercontent.com/PokeAPI/sprites/master/sprites/pokemon/180.png,60.83
181,Ampharos,2,Electric,,90,75,85,115,90,55,False,https://raw.githubusercontent.com/PokeAPI/sprites/master/sprites/pokemon/181.png,85.0
182,Bellossom,2,Grass,,75,80,95,90,100,50,False,https://raw.githubusercontent.com/PokeAPI/sprites/master/sprites/pokemon/182.png,81.67
183,Marill,2,Water,Fairy,70,20,50,20,50,40,False,https://raw.githubusercontent.com/PokeAPI/sprites/master/sprites/pokemon/183.png,41.67
184,Azumarill,2,Water,Fairy,100,50,80,60,80,50,False,https://raw.githubusercontent.com/PokeAPI/sprites/master/sprites/pokemon/184.png,70.0
185,Sudowoodo,2,Rock,,70,100,115,30,65,30,False,https://raw.githubusercontent.com/PokeAPI/sprites/master/sprites/pokemon/185.png,68.33
186,Politoed,2,Water,,90,75,75,90,100,70,False,https://raw.githubusercontent.com/PokeAPI/sprites/master/sprites/pokemon/186.png,83.33
187,Hoppip,2,Grass,Flying,35,35,40,35,55,50,False,https://raw.githubusercontent.com/PokeAPI/sprites/master/sprites/pokemon/187.png,41.67
188,Skiploom,2,Grass,Flying,55,45,50,45,65,80,False,https://raw.githubusercontent.com/PokeAPI/sprites/master/sprites/pokemon/188.png,56.67
189,Jumpluff,2,Grass,Flying,75,55,70,55,95,110,False,https://raw.githubusercontent.com/PokeAPI/sprites/master/sprites/pokemon/189.png,76.67
190,Aipom,2,Normal,,55,70,55,40,55,85,False,https://raw.githubusercontent.com/PokeAPI/sprites/master/sprites/pokemon/190.png,60.0
191,Sunkern,2,Grass,,30,30,30,30,30,30,False,https://raw.githubusercontent.com/PokeAPI/sprites/master/sprites/pokemon/191.png,30.0
192,Sunflora,2,Grass,,75,75,55,105,85,30,False,https://raw.githubusercontent.com/PokeAPI/sprites/master/sprites/pokemon/192.png,70.83
193,Yanma,2,Bug,Flying,65,65,45,75,45,95,False,https://raw.githubusercontent.com/PokeAPI/sprites/master/sprites/pokemon/193.png,65.0
194,Wooper,2,Water,Ground,55,45,45,25,25,15,False,https://raw.githubusercontent.com/PokeAPI/sprites/master/sprites/pokemon/194.png,35.0
195,Quagsire,2,Water,Ground,95,85,85,65,65,35,False,https://raw.githubusercontent.com/PokeAPI/sprites/master/sprites/pokemon/195.png,71.67
196,Espeon,2,Psychic,,65,65,60,130,95,110,False,https://raw.githubusercontent.com/PokeAPI/sprites/master/sprites/pokemon/196.png,87.5
197,Umbreon,2,Dark,,95,65,110,60,130,65,False,https://raw.githubusercontent.com/PokeAPI/sprites/master/sprites/pokemon/197.png,87.5
198,Murkrow,2,Dark,Flying,60,85,42,85,42,91,False,https://raw.githubusercontent.com/PokeAPI/sprites/master/sprites/pokemon/198.png,67.5
199,Slowking,2,Water,Psychic,95,75,80,100,110,30,False,https://raw.githubusercontent.com/PokeAPI/sprites/master/sprites/pokemon/199.png,81.67
200,Misdreavus,2,Ghost,,60,60,60,85,85,85,False,https://raw.githubusercontent.com/PokeAPI/sprites/master/sprites/pokemon/200.png,72.5
201,Unown,2,Psychic,,48,72,48,72,48,48,False,https://raw.githubusercontent.com/PokeAPI/sprites/master/sprites/pokemon/201.png,56.0
202,Wobbuffet,2,Psychic,,190,33,58,33,58,33,False,https://raw.githubusercontent.com/PokeAPI/sprites/master/sprites/pokemon/202.png,67.5
203,Girafarig,2,Normal,Psychic,70,80,65,90,65,85,False,https://raw.githubusercontent.com/PokeAPI/sprites/master/sprites/pokemon/203.png,75.83
204,Pineco,2,Bug,,50,65,90,35,35,15,False,https://raw.githubusercontent.com/PokeAPI/sprites/master/sprites/pokemon/204.png,48.33
205,Forretress,2,Bug,Steel,75,90,140,60,60,40,False,https://raw.githubusercontent.com/PokeAPI/sprites/master/sprites/pokemon/205.png,77.5
206,Dunsparce,2,Normal,,100,70,70,65,65,45,False,https://raw.githubusercontent.com/PokeAPI/sprites/master/sprites/pokemon/206.png,69.17
207,Gligar,2,Ground,Flying,65,75,105,35,65,85,False,https://raw.githubusercontent.com/PokeAPI/sprites/master/sprites/pokemon/207.png,71.67
208,Steelix,2,Steel,Ground,75,85,200,55,65,30,False,https://raw.githubusercontent.com/PokeAPI/sprites/master/sprites/pokemon/208.png,85.0
209,Snubbull,2,Fairy,,60,80,50,40,40,30,False,https://raw.githubusercontent.com/PokeAPI/sprites/master/sprites/pokemon/209.png,50.0
210,Granbull,2,Fairy,,90,120,75,60,60,45,False,https://raw.githubusercontent.com/PokeAPI/sprites/master/sprites/pokemon/210.png,75.0
211,Qwilfish,2,Water,Poison,65,95,85,55,55,85,False,https://raw.githubusercontent.com/PokeAPI/sprites/master/sprites/pokemon/211.png,73.33
212,Scizor,2,Bug,Steel,70,130,100,55,80,65,False,https://raw.githubusercontent.com/PokeAPI/sprites/master/sprites/pokemon/212.png,83.33
213,Shuckle,2,Bug,Rock,20,10,230,10,230,5,False,https://raw.githubusercontent.com/PokeAPI/sprites/master/sprites/pokemon/213.png,84.17
214,Heracross,2,Bug,Fighting,80,125,75,40,95,85,False,https://raw.githubusercontent.com/PokeAPI/sprites/master/sprites/pokemon/214.png,83.33
215,Sneasel,2,Dark,Ice,55,95,55,35,75,115,False,https://raw.githubusercontent.com/PokeAPI/sprites/master/sprites/pokemon/215.png,71.67
216,Teddiursa,2,Normal,,60,80,50,50,50,40,False,https://raw.githubusercontent.com/PokeAPI/sprites/master/sprites/pokemon/216.png,55.0
217,Ursaring,2,Normal,,90,130,75,75,75,55,False,https://raw.githubusercontent.com/PokeAPI/sprites/master/sprites/pokemon/217.png,83.33
218,Slugma,2,Fire,,40,40,40,70,40,20,False,https://raw.githubusercontent.com/PokeAPI/sprites/master/sprites/pokemon/218.png,41.67
219,Magcargo,2,Fire,Rock,60,50,120,90,80,30,False,https://raw.githubusercontent.com/PokeAPI/sprites/master/sprites/pokemon/219.png,71.67
220,Swinub,2,Ice,Ground,50,50,40,30,30,50,False,https://raw.githubusercontent.com/PokeAPI/sprites/master/sprites/pokemon/220.png,41.67
221,Piloswine,2,Ice,Ground,100,100,80,60,60,50,False,https://raw.githubusercontent.com/PokeAPI/sprites/master/sprites/pokemon/221.png,75.0
222,Corsola,2,Water,Rock,65,55,95,65,95,35,False,https://raw.githubusercontent.com/PokeAPI/sprites/master/sprites/pokemon/222.png,68.33
223,Remoraid,2,Water,,35,65,35,65,35,65,False,https://raw.githubusercontent.com/PokeAPI/sprites/master/sprites/pokemon/223.png,50.0
224,Octillery,2,Water,,75,105,75,105,75,45,False,https://raw.githubusercontent.com/PokeAPI/sprites/master/sprites/pokemon/224.png,80.0
225,Delibird,2,Ice,Flying,45,55,45,65,45,75,False,https://raw.githubusercontent.com/PokeAPI/sprites/master/sprites/pokemon/225.png,55.0
226,Mantine,2,Water,Flying,85,40,70,80,140,70,False,https://raw.githubusercontent.com/PokeAPI/sprites/master/sprites/pokemon/226.png,80.83
227,Skarmory,2,Steel,Flying,65,80,140,40,70,70,False,https://raw.githubusercontent.com/PokeAPI/sprites/master/sprites/pokemon/227.png,77.5
228,Houndour,2,Dark,Fire,45,60,30,80,50,65,False,https://raw.githubusercontent.com/PokeAPI/sprites/master/sprites/pokemon/228.png,55.0
229,Houndoom,2,Dark,Fire,75,90,50,110,80,95,False,https://raw.githubusercontent.com/PokeAPI/sprites/master/sprites/pokemon/229.png,83.33
230,Kingdra,2,Water,Dragon,75,95,95,95,95,85,False,https://raw.githubusercontent.com/PokeAPI/sprites/master/sprites/pokemon/230.png,90.0
231,Phanpy,2,Ground,,90,60,60,40,40,40,False,https://raw.githubusercontent.com/PokeAPI/sprites/master/sprites/pokemon/231.png,55.0
232,Donphan,2,Ground,,90,120,120,60,60,50,False,https://raw.githubusercontent.com/PokeAPI/sprites/master/sprites/pokemon/232.png,83.33
233,Porygon2,2,Normal,,85,80,90,105,95,60,False,https://raw.githubusercontent.com/PokeAPI/sprites/master/sprites/pokemon/233.png,85.83
234,Stantler,2,Normal,,73,95,62,85,65,85,False,https://raw.githubusercontent.com/PokeAPI/sprites/master/sprites/pokemon/234.png,77.5
235,Smeargle,2,Normal,,55,20,35,20,45,75,False,https://raw.githubusercontent.com/PokeAPI/sprites/master/sprites/pokemon/235.png,41.67
236,Tyrogue,2,Fighting,,35,35,35,35,35,35,False,https://raw.githubusercontent.com/PokeAPI/sprites/master/sprites/pokemon/236.png,35.0
237,Hitmontop,2,Fighting,,50,95,95,35,110,70,False,https://raw.githubusercontent.com/PokeAPI/sprites/master/sprites/pokemon/237.png,75.83
238,Smoochum,2,Ice,Psychic,45,30,15,85,65,65,False,https://raw.githubusercontent.com/PokeAPI/sprites/master/sprites/pokemon/238.png,50.83
239,Elekid,2,Electric,,45,63,37,65,55,95,False,https://raw.githubusercontent.com/PokeAPI/sprites/master/sprites/pokemon/239.png,60.0
240,Magby,2,Fire,,45,75,37,70,55,83,False,https://raw.githubusercontent.com/PokeAPI/sprites/master/sprites/pokemon/240.png,60.83
241,Miltank,2,Normal,,95,80,105,40,70,100,False,https://raw.githubusercontent.com/PokeAPI/sprites/master/sprites/pokemon/241.png,81.67
242,Blissey,2,Normal,,255,10,10,75,135,55,False,https://raw.githubusercontent.com/PokeAPI/sprites/master/sprites/pokemon/242.png,90.0
243,Raikou,2,Electric,,90,85,75,115,100,115,True,https://raw.githubusercontent.com/PokeAPI/sprites/master/sprites/pokemon/243.png,96.67
244,Entei,2,Fire,,115,115,85,90,75,100,True,https://raw.githubusercontent.com/PokeAPI/sprites/master/sprites/pokemon/244.png,96.67
245,Suicune,2,Water,,100,75,115,90,115,85,True,https://raw.githubusercontent.com/PokeAPI/sprites/master/sprites/pokemon/245.png,96.67
246,Larvitar,2,Rock,Ground,50,64,50,45,50,41,False,https://raw.githubusercontent.com/PokeAPI/sprites/master/sprites/pokemon/246.png,50.0
247,Pupitar,2,Rock,Ground,70,84,70,65,70,51,False,https://raw.githubusercontent.com/PokeAPI/sprites/master/sprites/pokemon/247.png,68.33
248,Tyranitar,2,Rock,Dark,100,134,110,95,100,61,False,https://raw.githubusercontent.com/PokeAPI/sprites/master/sprites/pokemon/248.png,100.0
249,Lugia,2,Psychic,Flying,106,90,130,90,154,110,True,https://raw.githubusercontent.com/PokeAPI/sprites/master/sprites/pokemon/249.png,113.33
250,Ho Oh,2,Fire,Flying,106,130,90,110,154,90,True,https://raw.githubusercontent.com/PokeAPI/sprites/master/sprites/pokemon/250.png,113.33
251,Celebi,2,Psychic,Grass,100,100,100,100,100,100,True,https://raw.githubusercontent.com/PokeAPI/sprites/master/sprites/pokemon/251.png,100.0
252,Treecko,3,Grass,,40,45,35,65,55,70,False,https://raw.githubusercontent.com/PokeAPI/sprites/master/sprites/pokemon/252.png,51.67
253,Grovyle,3,Grass,,50,65,45,85,65,95,False,https://raw.githubusercontent.com/PokeAPI/sprites/master/sprites/pokemon/253.png,67.5
254,Sceptile,3,Grass,,70,85,65,105,85,120,False,https://raw.githubusercontent.com/PokeAPI/sprites/master/sprites/pokemon/254.png,88.33
255,Torchic,3,Fire,,45,60,40,70,50,45,False,https://raw.githubusercontent.com/PokeAPI/sprites/master/sprites/pokemon/255.png,51.67
256,Combusken,3,Fire,Fighting,60,85,60,85,60,55,False,https://raw.githubusercontent.com/PokeAPI/sprites/master/sprites/pokemon/256.png,67.5
257,Blaziken,3,Fire,Fighting,80,120,70,110,70,80,False,https://raw.githubusercontent.com/PokeAPI/sprites/master/sprites/pokemon/257.png,88.33
258,Mudkip,3,Water,,50,70,50,50,50,40,False,https://raw.githubusercontent.com/PokeAPI/sprites/master/sprites/pokemon/258.png,51.67
259,Marshtomp,3,Water,Ground,70,85,70,60,70,50,False,https://raw.githubusercontent.com/PokeAPI/sprites/master/sprites/pokemon/259.png,67.5
260,Swampert,3,Water,Ground,100,110,90,85,90,60,False,https://raw.githubusercontent.com/PokeAPI/sprites/master/sprites/pokemon/260.png,89.17
261,Poochyena,3,Dark,,35,55,35,30,30,35,False,https://raw.githubusercontent.com/PokeAPI/sprites/master/sprites/pokemon/261.png,36.67
262,Mightyena,3,Dark,,70,90,70,60,60,70,False,https://raw.githubusercontent.com/PokeAPI/sprites/master/sprites/pokemon/262.png,70.0
263,Zigzagoon,3,Normal,,38,30,41,30,41,60,False,https://raw.githubusercontent.com/PokeAPI/sprites/master/sprites/pokemon/263.png,40.0
264,Linoone,3,Normal,,78,70,61,50,61,100,False,https://raw.githubusercontent.com/PokeAPI/sprites/master/sprites/pokemon/264.png,70.0
265,Wurmple,3,Bug,,45,45,35,20,30,20,False,https://raw.githubusercontent.com/PokeAPI/sprites/master/sprites/pokemon/265.png,32.5
266,Silcoon,3,Bug,,50,35,55,25,25,15,False,https://raw.githubusercontent.com/PokeAPI/sprites/master/sprites/pokemon/266.png,34.17
267,Beautifly,3,Bug,Flying,60,70,50,100,50,65,False,https://raw.githubusercontent.com/PokeAPI/sprites/master/sprites/pokemon/267.png,65.83
268,Cascoon,3,Bug,,50,35,55,25,25,15,False,https://raw.githubusercontent.com/PokeAPI/sprites/master/sprites/pokemon/268.png,34.17
269,Dustox,3,Bug,Poison,60,50,70,50,90,65,False,https://raw.githubusercontent.com/PokeAPI/sprites/master/sprites/pokemon/269.png,64.17
270,Lotad,3,Water,Grass,40,30,30,40,50,30,False,https://raw.githubusercontent.com/PokeAPI/sprites/master/sprites/pokemon/270.png,36.67
271,Lombre,3,Water,Grass,60,50,50,60,70,50,False,https://raw.githubusercontent.com/PokeAPI/sprites/master/sprites/pokemon/271.png,56.67
272,Ludicolo,3,Water,Grass,80,70,70,90,100,70,False,https://raw.githubusercontent.com/PokeAPI/sprites/master/sprites/pokemon/272.png,80.0
273,Seedot,3,Grass,,40,40,50,30,30,30,False,https://raw.githubusercontent.com/PokeAPI/sprites/master/sprites/pokemon/273.png,36.67
274,Nuzleaf,3,Grass,Dark,70,70,40,60,40,60,False,https://raw.githubusercontent.com/PokeAPI/sprites/master/sprites/pokemon/274.png,56.67
275,Shiftry,3,Grass,Dark,90,100,60,90,60,80,False,https://raw.githubusercontent.com/PokeAPI/sprites/master/sprites/pokemon/275.png,80.0
276,Taillow,3,Normal,Flying,40,55,30,30,30,85,False,https://raw.githubusercontent.com/PokeAPI/sprites/master/sprites/pokemon/276.png,45.0
277,Swellow,3,Normal,Flying,60,85,60,75,50,125,False,https://raw.githubusercontent.com/PokeAPI/sprites/master/sprites/pokemon/277.png,75.83
278,Wingull,3,Water,Flying,40,30,30,55,30,85,False,https://raw.githubusercontent.com/PokeAPI/sprites/master/sprites/pokemon/278.png,45.0
279,Pelipper,3,Water,Flying,60,50,100,95,70,65,False,https://raw.githubusercontent.com/PokeAPI/sprites/master/sprites/pokemon/279.png,73.33
280,Ralts,3,Psychic,Fairy,28,25,25,45,35,40,False,https://raw.githubusercontent.com/PokeAPI/sprites/master/sprites/pokemon/280.png,33.0
281,Kirlia,3,Psychic,Fairy,38,35,35,65,55,50,False,https://raw.githubusercontent.com/PokeAPI/sprites/master/sprites/pokemon/281.png,46.33
282,Gardevoir,3,Psychic,Fairy,68,65,65,125,115,80,False,https://raw.githubusercontent.com/PokeAPI/sprites/master/sprites/pokemon/282.png,86.33
283,Surskit,3,Bug,Water,40,30,32,50,52,65,False,https://raw.githubusercontent.com/PokeAPI/sprites/master/sprites/pokemon/283.png,44.83
284,Masquerain,3,Bug,Flying,70,60,62,100,82,80,False,https://raw.githubusercontent.com/PokeAPI/sprites/master/sprites/pokemon/284.png,75.67
285,Shroomish,3,Grass,,60,40,60,40,60,35,False,https://raw.githubusercontent.com/PokeAPI/sprites/master/sprites/pokemon/285.png,49.17
286,Breloom,3,Grass,Fighting,60,130,80,60,60,70,False,https://raw.githubusercontent.com/PokeAPI/sprites/master/sprites/pokemon/286.png,76.67
287,Slakoth,3,Normal,,60,60,60,35,35,30,False,https://raw.githubusercontent.com/PokeAPI/sprites/master/sprites/pokemon/287.png,46.67
288,Vigoroth,3,Normal,,80,80,80,55,55,90,False,https://raw.githubusercontent.com/PokeAPI/sprites/master/sprites/pokemon/288.png,73.33
289,Slaking,3,Normal,,150,160,100,95,65,100,False,https://raw.githubusercontent.com/PokeAPI/sprites/master/sprites/pokemon/289.png,111.67
290,Nincada,3,Bug,Ground,31,45,90,30,30,40,False,https://raw.githubusercontent.com/PokeAPI/sprites/master/sprites/pokemon/290.png,44.33
291,Ninjask,3,Bug,Flying,61,90,45,50,50,160,False,https://raw.githubusercontent.com/PokeAPI/sprites/master/sprites/pokemon/291.png,76.0
292,Shedinja,3,Bug,Ghost,1,90,45,30,30,40,False,https://raw.githubusercontent.com/PokeAPI/sprites/master/sprites/pokemon/292.png,39.33
293,Whismur,3,Normal,,64,51,23,51,23,28,False,https://raw.githubusercontent.com/PokeAPI/sprites/master/sprites/pokemon/293.png,40.0
294,Loudred,3,Normal,,84,71,43,71,43,48,False,https://raw.githubusercontent.com/PokeAPI/sprites/master/sprites/pokemon/294.png,60.0
295,Exploud,3,Normal,,104,91,63,91,73,68,False,https://raw.githubusercontent.com/PokeAPI/sprites/master/sprites/pokemon/295.png,81.67
296,Makuhita,3,Fighting,,72,60,30,20,30,25,False,https://raw.githubusercontent.com/PokeAPI/sprites/master/sprites/pokemon/296.png,39.5
297,Hariyama,3,Fighting,,144,120,60,40,60,50,False,https://raw.githubusercontent.com/PokeAPI/sprites/master/sprites/pokemon/297.png,79.0
298,Azurill,3,Normal,Fairy,50,20,40,20,40,20,False,https://raw.githubusercontent.com/PokeAPI/sprites/master/sprites/pokemon/298.png,31.67
299,Nosepass,3,Rock,,30,45,135,45,90,30,False,https://raw.githubusercontent.com/PokeAPI/sprites/master/sprites/pokemon/299.png,62.5
300,Skitty,3,Normal,,50,45,45,35,35,50,False,https://raw.githubusercontent.com/PokeAPI/sprites/master/sprites/pokemon/300.png,43.33
301,Delcatty,3,Normal,,70,65,65,55,55,90,False,https://raw.githubusercontent.com/PokeAPI/sprites/master/sprites/pokemon/301.png,66.67
302,Sableye,3,Dark,Ghost,50,75,75,65,65,50,False,https://raw.githubusercontent.com/PokeAPI/sprites/master/sprites/pokemon/302.png,63.33
303,Mawile,3,Steel,Fairy,50,85,85,55,55,50,False,https://raw.githubusercontent.com/PokeAPI/sprites/master/sprites/pokemon/303.png,63.33
304,Aron,3,Steel,Rock,50,70,100,40,40,30,False,https://raw.githubusercontent.com/PokeAPI/sprites/master/sprites/pokemon/304.png,55.0
305,Lairon,3,Steel,Rock,60,90,140,50,50,40,False,https://raw.githubusercontent.com/PokeAPI/sprites/master/sprites/pokemon/305.png,71.67
306,Aggron,3,Steel,Rock,70,110,180,60,60,50,False,https://raw.githubusercontent.com/PokeAPI/sprites/master/sprites/pokemon/306.png,88.33
307,Meditite,3,Fighting,Psychic,30,40,55,40,55,60,False,https://raw.githubusercontent.com/PokeAPI/sprites/master/sprites/pokemon/307.png,46.67
308,Medicham,3,Fighting,Psychic,60,60,75,60,75,80,False,https://raw.githubusercontent.com/PokeAPI/sprites/master/sprites/pokemon/308.png,68.33
309,Electrike,3,Electric,,40,45,40,65,40,65,False,https://raw.githubusercontent.com/PokeAPI/sprites/master/sprites/pokemon/309.png,49.17
310,Manectric,3,Electric,,70,75,60,105,60,105,False,https://raw.githubusercontent.com/PokeAPI/sprites/master/sprites/pokemon/310.png,79.17
311,Plusle,3,Electric,,60,50,40,85,75,95,False,https://raw.githubusercontent.com/PokeAPI/sprites/master/sprites/pokemon/311.png,67.5
312,Minun,3,Electric,,60,40,50,75,85,95,False,https://raw.githubusercontent.com/PokeAPI/sprites/master/sprites/pokemon/312.png,67.5
313,Volbeat,3,Bug,,65,73,75,47,85,85,False,https://raw.githubusercontent.com/PokeAPI/sprites/master/sprites/pokemon/313.png,71.67
314,Illumise,3,Bug,,65,47,75,73,85,85,False,https://raw.githubusercontent.com/PokeAPI/sprites/master/sprites/pokemon/314.png,71.67
315,Roselia,3,Grass,Poison,50,60,45,100,80,65,False,https://raw.githubusercontent.com/PokeAPI/sprites/master/sprites/pokemon/315.png,66.67
316,Gulpin,3,Poison,,70,43,53,43,53,40,False,https://raw.githubusercontent.com/PokeAPI/sprites/master/sprites/pokemon/316.png,50.33
317,Swalot,3,Poison,,100,73,83,73,83,55,False,https://raw.githubusercontent.com/PokeAPI/sprites/master/sprites/pokemon/317.png,77.83
318,Carvanha,3,Water,Dark,45,90,20,65,20,65,False,https://raw.githubusercontent.com/PokeAPI/sprites/master/sprites/pokemon/318.png,50.83
319,Sharpedo,3,Water,Dark,70,120,40,95,40,95,False,https://raw.githubusercontent.com/PokeAPI/sprites/master/sprites/pokemon/319.png,76.67
320,Wailmer,3,Water,,130,70,35,70,35,60,False,https://raw.githubusercontent.com/PokeAPI/sprites/master/sprites/pokemon/320.png,66.67
321,Wailord,3,Water,,170,90,45,90,45,60,False,https://raw.githubusercontent.com/PokeAPI/sprites/master/sprites/pokemon/321.png,83.33
322,Numel,3,Fire,Ground,60,60,40,65,45,35,False,https://raw.githubusercontent.com/PokeAPI/sprites/master/sprites/pokemon/322.png,50.83
323,Camerupt,3,Fire,Ground,70,100,70,105,75,40,False,https://raw.githubusercontent.com/PokeAPI/sprites/master/sprites/pokemon/323.png,76.67
324,Torkoal,3,Fire,,70,85,140,85,70,20,False,https://raw.githubusercontent.com/PokeAPI/sprites/master/sprites/pokemon/324.png,78.33
325,Spoink,3,Psychic,,60,25,35,70,80,60,False,https://raw.githubusercontent.com/PokeAPI/sprites/master/sprites/pokemon/325.png,55.0
326,Grumpig,3,Psychic,,80,45,65,90,110,80,False,https://raw.githubusercontent.com/PokeAPI/sprites/master/sprites/pokemon/326.png,78.33
327,Spinda,3,Normal,,60,60,60,60,60,60,False,https://raw.githubusercontent.com/PokeAPI/sprites/master/sprites/pokemon/327.png,60.0
328,Trapinch,3,Ground,,45,100,45,45,45,10,False,https://raw.githubusercontent.com/PokeAPI/sprites/master/sprites/pokemon/328.png,48.33
329,Vibrava,3,Ground,Dragon,50,70,50,50,50,70,False,https://raw.githubusercontent.com/PokeAPI/sprites/master/sprites/pokemon/329.png,56.67
330,Flygon,3,Ground,Dragon,80,100,80,80,80,100,False,https://raw.githubusercontent.com/PokeAPI/sprites/master/sprites/pokemon/330.png,86.67
331,Cacnea,3,Grass,,50,85,40,85,40,35,False,https://raw.githubusercontent.com/PokeAPI/sprites/master/sprites/pokemon/331.png,55.83
332,Cacturne,3,Grass,Dark,70,115,60,115,60,55,False,https://raw.githubusercontent.com/PokeAPI/sprites/master/sprites/pokemon/332.png,79.17
333,Swablu,3,Normal,Flying,45,40,60,40,75,50,False,https://raw.githubusercontent.com/PokeAPI/sprites/master/sprites/pokemon/333.png,51.67
334,Altaria,3,Dragon,Flying,75,70,90,70,105,80,False,https://raw.githubusercontent.com/PokeAPI/sprites/master/sprites/pokemon/334.png,81.67
335,Zangoose,3,Normal,,73,115,60,60,60,90,False,https://raw.githubusercontent.com/PokeAPI/sprites/master/sprites/pokemon/335.png,76.33
336,Seviper,3,Poison,,73,100,60,100,60,65,False,https://raw.githubusercontent.com/PokeAPI/sprites/master/sprites/pokemon/336.png,76.33
337,Lunatone,3,Rock,Psychic,90,55,65,95,85,70,False,https://raw.githubusercontent.com/PokeAPI/sprites/master/sprites/pokemon/337.png,76.67
338,Solrock,3,Rock,Psychic,90,95,85,55,65,70,False,https://raw.githubusercontent.com/PokeAPI/sprites/master/sprites/pokemon/338.png,76.67
339,Barboach,3,Water,Ground,50,48,43,46,41,60,False,https://raw.githubusercontent.com/PokeAPI/sprites/master/sprites/pokemon/339.png,48.0
340,Whiscash,3,Water,Ground,110,78,73,76,71,60,False,https://raw.githubusercontent.com/PokeAPI/sprites/master/sprites/pokemon/340.png,78.0
341,Corphish,3,Water,,43,80,65,50,35,35,False,https://raw.githubusercontent.com/PokeAPI/sprites/master/sprites/pokemon/341.png,51.33
342,Crawdaunt,3,Water,Dark,63,120,85,90,55,55,False,https://raw.githubusercontent.com/PokeAPI/sprites/master/sprites/pokemon/342.png,78.0
343,Baltoy,3,Ground,Psychic,40,40,55,40,70,55,False,https://raw.githubusercontent.com/PokeAPI/sprites/master/sprites/pokemon/343.png,50.0
344,Claydol,3,Ground,Psychic,60,70,105,70,120,75,False,https://raw.githubusercontent.com/PokeAPI/sprites/master/sprites/pokemon/344.png,83.33
345,Lileep,3,Rock,Grass,66,41,77,61,87,23,False,https://raw.githubusercontent.com/PokeAPI/sprites/master/sprites/pokemon/345.png,59.17
346,Cradily,3,Rock,Grass,86,81,97,81,107,43,False,https://raw.githubusercontent.com/PokeAPI/sprites/master/sprites/pokemon/346.png,82.5
347,Anorith,3,Rock,Bug,45,95,50,40,50,75,False,https://raw.githubusercontent.com/PokeAPI/sprites/master/sprites/pokemon/347.png,59.17
348,Armaldo,3,Rock,Bug,75,125,100,70,80,45,False,https://raw.githubusercontent.com/PokeAPI/sprites/master/sprites/pokemon/348.png,82.5
349,Feebas,3,Water,,20,15,20,10,55,80,False,https://raw.githubusercontent.com/PokeAPI/sprites/master/sprites/pokemon/349.png,33.33
350,Milotic,3,Water,,95,60,79,100,125,81,False,https://raw.githubusercontent.com/PokeAPI/sprites/master/sprites/pokemon/350.png,90.0
351,Castform,3,Normal,,70,70,70,70,70,70,False,https://raw.githubusercontent.com/PokeAPI/sprites/master/sprites/pokemon/351.png,70.0
352,Kecleon,3,Normal,,60,90,70,60,120,40,False,https://raw.githubusercontent.com/PokeAPI/sprites/master/sprites/pokemon/352.png,73.33
353,Shuppet,3,Ghost,,44,75,35,63,33,45,False,https://raw.githubusercontent.com/PokeAPI/sprites/master/sprites/pokemon/353.png,49.17
354,Banette,3,Ghost,,64,115,65,83,63,65,False,https://raw.githubusercontent.com/PokeAPI/sprites/master/sprites/pokemon/354.png,75.83
355,Duskull,3,Ghost,,20,40,90,30,90,25,False,https://raw.githubusercontent.com/PokeAPI/sprites/master/sprites/pokemon/355.png,49.17
356,Dusclops,3,Ghost,,40,70,130,60,130,25,False,https://raw.githubusercontent.com/PokeAPI/sprites/master/sprites/pokemon/356.png,75.83
357,Tropius,3,Grass,Flying,99,68,83,72,87,51,False,https://raw.githubusercontent.com/PokeAPI/sprites/master/sprites/pokemon/357.png,76.67
358,Chimecho,3,Psychic,,75,50,80,95,90,65,False,https://raw.githubusercontent.com/PokeAPI/sprites/master/sprites/pokemon/358.png,75.83
359,Absol,3,Dark,,65,130,60,75,60,75,False,https://raw.githubusercontent.com/PokeAPI/sprites/master/sprites/pokemon/359.png,77.5
360,Wynaut,3,Psychic,,95,23,48,23,48,23,False,https://raw.githubusercontent.com/PokeAPI/sprites/master/sprites/pokemon/360.png,43.33
361,Snorunt,3,Ice,,50,50,50,50,50,50,False,https://raw.githubusercontent.com/PokeAPI/sprites/master/sprites/pokemon/361.png,50.0
362,Glalie,3,Ice,,80,80,80,80,80,80,False,https://raw.githubusercontent.com/PokeAPI/sprites/master/sprites/pokemon/362.png,80.0
363,Spheal,3,Ice,Water,70,40,50,55,50,25,False,https://raw.githubusercontent.com/PokeAPI/sprites/master/sprites/pokemon/363.png,48.33
364,Sealeo,3,Ice,Water,90,60,70,75,70,45,False,https://raw.githubusercontent.com/PokeAPI/sprites/master/sprites/pokemon/364.png,68.33
365,Walrein,3,Ice,Water,110,80,90,95,90,65,False,https://raw.githubusercontent.com/PokeAPI/sprites/master/sprites/pokemon/365.png,88.33
366,Clamperl,3,Water,,35,64,85,74,55,32,False,https://raw.githubusercontent.com/PokeAPI/sprites/master/sprites/pokemon/366.png,57.5
367,Huntail,3,Water,,55,104,105,94,75,52,False,https://raw.githubusercontent.com/PokeAPI/sprites/master/sprites/pokemon/367.png,80.83
368,Gorebyss,3,Water,,55,84,105,114,75,52,False,https://raw.githubusercontent.com/PokeAPI/sprites/master/sprites/pokemon/368.png,80.83
369,Relicanth,3,Water,Rock,100,90,130,45,65,55,False,https://raw.githubusercontent.com/PokeAPI/sprites/master/sprites/pokemon/369.png,80.83
370,Luvdisc,3,Water,,43,30,55,40,65,97,False,https://raw.githubusercontent.com/PokeAPI/sprites/master/sprites/pokemon/370.png,55.0
371,Bagon,3,Dragon,,45,75,60,40,30,50,False,https://raw.githubusercontent.com/PokeAPI/sprites/master/sprites/pokemon/371.png,50.0
372,Shelgon,3,Dragon,,65,95,100,60,50,50,False,https://raw.githubusercontent.com/PokeAPI/sprites/master/sprites/pokemon/372.png,70.0
373,Salamence,3,Dragon,Flying,95,135,80,110,80,100,False,https://raw.githubusercontent.com/PokeAPI/sprites/master/sprites/pokemon/373.png,100.0
374,Beldum,3,Steel,Psychic,40,55,80,35,60,30,False,https://raw.githubusercontent.com/PokeAPI/sprites/master/sprites/pokemon/374.png,50.0
375,Metang,3,Steel,Psychic,60,75,100,55,80,50,False,https://raw.githubusercontent.com/PokeAPI/sprites/master/sprites/pokemon/375.png,70.0
376,Metagross,3,Steel,Psychic,80,135,130,95,90,70,False,https://raw.githubusercontent.com/PokeAPI/sprites/master/sprites/pokemon/376.png,100.0
377,Regirock,3,Rock,,80,100,200,50,100,50,True,https://raw.githubusercontent.com/PokeAPI/sprites/master/sprites/pokemon/377.png,96.67
378,Regice,3,Ice,,80,50,100,100,200,50,True,https://raw.githubusercontent.com/PokeAPI/sprites/master/sprites/pokemon/378.png,96.67
379,Registeel,3,Steel,,80,75,150,75,150,50,True,https://raw.githubusercontent.com/PokeAPI/sprites/master/sprites/pokemon/379.png,96.67
380,Latias,3,Dragon,Psychic,80,80,90,110,130,110,True,https://raw.githubusercontent.com/PokeAPI/sprites/master/sprites/pokemon/380.png,100.0
381,Latios,3,Dragon,Psychic,80,90,80,130,110,110,True,https://raw.githubusercontent.com/PokeAPI/sprites/master/sprites/pokemon/381.png,100.0
382,Kyogre,3,Water,,100,100,90,150,140,90,True,https://raw.githubusercontent.com/PokeAPI/sprites/master/sprites/pokemon/382.png,111.67
383,Groudon,3,Ground,,100,150,140,100,90,90,True,https://raw.githubusercontent.com/PokeAPI/sprites/master/sprites/pokemon/383.png,111.67
384,Rayquaza,3,Dragon,Flying,105,150,90,150,90,95,True,https://raw.githubusercontent.com/PokeAPI/sprites/master/sprites/pokemon/384.png,113.33
385,Jirachi,3,Steel,Psychic,100,100,100,100,100,100,True,https://raw.githubusercontent.com/PokeAPI/sprites/master/sprites/pokemon/385.png,100.0
387,Turtwig,4,Grass,,55,68,64,45,55,31,False,https://raw.githubusercontent.com/PokeAPI/sprites/master/sprites/pokemon/387.png,53.0
388,Grotle,4,Grass,,75,89,85,55,65,36,False,https://raw.githubusercontent.com/PokeAPI/sprites/master/sprites/pokemon/388.png,67.5
389,Torterra,4,Grass,Ground,95,109,105,75,85,56,False,https://raw.githubusercontent.com/PokeAPI/sprites/master/sprites/pokemon/389.png,87.5
390,Chimchar,4,Fire,,44,58,44,58,44,61,False,https://raw.githubusercontent.com/PokeAPI/sprites/master/sprites/pokemon/390.png,51.5
391,Monferno,4,Fire,Fighting,64,78,52,78,52,81,False,https://raw.githubusercontent.com/PokeAPI/sprites/master/sprites/pokemon/391.png,67.5
392,Infernape,4,Fire,Fighting,76,104,71,104,71,108,False,https://raw.githubusercontent.com/PokeAPI/sprites/master/sprites/pokemon/392.png,89.0
393,Piplup,4,Water,,53,51,53,61,56,40,False,https://raw.githubusercontent.com/PokeAPI/sprites/master/sprites/pokemon/393.png,52.33
394,Prinplup,4,Water,,64,66,68,81,76,50,False,https://raw.githubusercontent.com/PokeAPI/sprites/master/sprites/pokemon/394.png,67.5
395,Empoleon,4,Water,Steel,84,86,88,111,101,60,False,https://raw.githubusercontent.com/PokeAPI/sprites/master/sprites/pokemon/395.png,88.33
396,Starly,4,Normal,Flying,40,55,30,30,30,60,False,https://raw.githubusercontent.com/PokeAPI/sprites/master/sprites/pokemon/396.png,40.83
397,Staravia,4,Normal,Flying,55,75,50,40,40,80,False,https://raw.githubusercontent.com/PokeAPI/sprites/master/sprites/pokemon/397.png,56.67
398,Staraptor,4,Normal,Flying,85,120,70,50,60,100,False,https://raw.githubusercontent.com/PokeAPI/sprites/master/sprites/pokemon/398.png,80.83
399,Bidoof,4,Normal,,59,45,40,35,40,31,False,https://raw.githubusercontent.com/PokeAPI/sprites/master/sprites/pokemon/399.png,41.67
400,Bibarel,4,Normal,Water,79,85,60,55,60,71,False,https://raw.githubusercontent.com/PokeAPI/sprites/master/sprites/pokemon/400.png,68.33
401,Kricketot,4,Bug,,37,25,41,25,41,25,False,https://raw.githubusercontent.com/PokeAPI/sprites/master/sprites/pokemon/401.png,32.33
402,Kricketune,4,Bug,,77,85,51,55,51,65,False,https://raw.githubusercontent.com/PokeAPI/sprites/master/sprites/pokemon/402.png,64.0
403,Shinx,4,Electric,,45,65,34,40,34,45,False,https://raw.githubusercontent.com/PokeAPI/sprites/master/sprites/pokemon/403.png,43.83
404,Luxio,4,Electric,,60,85,49,60,49,60,False,https://raw.githubusercontent.com/PokeAPI/sprites/master/sprites/pokemon/404.png,60.5
405,Luxray,4,Electric,,80,120,79,95,79,70,False,https://raw.githubusercontent.com/PokeAPI/sprites/master/sprites/pokemon/405.png,87.17
406,Budew,4,Grass,Poison,40,30,35,50,70,55,False,https://raw.githubusercontent.com/PokeAPI/sprites/master/sprites/pokemon/406.png,46.67
407,Roserade,4,Grass,Poison,60,70,65,125,105,90,False,https://raw.githubusercontent.com/PokeAPI/sprites/master/sprites/pokemon/407.png,85.83
408,Cranidos,4,Rock,,67,125,40,30,30,58,False,https://raw.githubusercontent.com/PokeAPI/sprites/master/sprites/pokemon/408.png,58.33
409,Rampardos,4,Rock,,97,165,60,65,50,58,False,https://raw.githubusercontent.com/PokeAPI/sprites/master/sprites/pokemon/409.png,82.5
410,Shieldon,4,Rock,Steel,30,42,118,42,88,30,False,https://raw.githubusercontent.com/PokeAPI/sprites/master/sprites/pokemon/410.png,58.33
411,Bastiodon,4,Rock,Steel,60,52,168,47,138,30,False,https://raw.githubusercontent.com/PokeAPI/sprites/master/sprites/pokemon/411.png,82.5
412,Burmy,4,Bug,,40,29,45,29,45,36,False,https://raw.githubusercontent.com/PokeAPI/sprites/master/sprites/pokemon/412.png,37.33
414,Mothim,4,Bug,Flying,70,94,50,94,50,66,False,https://raw.githubusercontent.com/PokeAPI/sprites/master/sprites/pokemon/414.png,70.67
415,Combee,4,Bug,Flying,30,30,42,30,42,70,False,https://raw.githubusercontent.com/PokeAPI/sprites/master/sprites/pokemon/415.png,40.67
416,Vespiquen,4,Bug,Flying,70,80,102,80,102,40,False,https://raw.githubusercontent.com/PokeAPI/sprites/master/sprites/pokemon/416.png,79.0
417,Pachirisu,4,Electric,,60,45,70,45,90,95,False,https://raw.githubusercontent.com/PokeAPI/sprites/master/sprites/pokemon/417.png,67.5
418,Buizel,4,Water,,55,65,35,60,30,85,False,https://raw.githubusercontent.com/PokeAPI/sprites/master/sprites/pokemon/418.png,55.0
419,Floatzel,4,Water,,85,105,55,85,50,115,False,https://raw.githubusercontent.com/PokeAPI/sprites/master/sprites/pokemon/419.png,82.5
420,Cherubi,4,Grass,,45,35,45,62,53,35,False,https://raw.githubusercontent.com/PokeAPI/sprites/master/sprites/pokemon/420.png,45.83
421,Cherrim,4,Grass,,70,60,70,87,78,85,False,https://raw.githubusercontent.com/PokeAPI/sprites/master/sprites/pokemon/421.png,75.0
422,Shellos,4,Water,,76,48,48,57,62,34,False,https://raw.githubusercontent.com/PokeAPI/sprites/master/sprites/pokemon/422.png,54.17
423,Gastrodon,4,Water,Ground,111,83,68,92,82,39,False,https://raw.githubusercontent.com/PokeAPI/sprites/master/sprites/pokemon/423.png,79.17
424,Ambipom,4,Normal,,75,100,66,60,66,115,False,https://raw.githubusercontent.com/PokeAPI/sprites/master/sprites/pokemon/424.png,80.33
425,Drifloon,4,Ghost,Flying,90,50,34,60,44,70,False,https://raw.githubusercontent.com/PokeAPI/sprites/master/sprites/pokemon/425.png,58.0
426,Drifblim,4,Ghost,Flying,150,80,44,90,54,80,False,https://raw.githubusercontent.com/PokeAPI/sprites/master/sprites/pokemon/426.png,83.0
427,Buneary,4,Normal,,55,66,44,44,56,85,False,https://raw.githubusercontent.com/PokeAPI/sprites/master/sprites/pokemon/427.png,58.33
428,Lopunny,4,Normal,,65,76,84,54,96,105,False,https://raw.githubusercontent.com/PokeAPI/sprites/master/sprites/pokemon/428.png,80.0
429,Mismagius,4,Ghost,,60,60,60,105,105,105,False,https://raw.githubusercontent.com/PokeAPI/sprites/master/sprites/pokemon/429.png,82.5
430,Honchkrow,4,Dark,Flying,100,125,52,105,52,71,False,https://raw.githubusercontent.com/PokeAPI/sprites/master/sprites/pokemon/430.png,84.17
431,Glameow,4,Normal,,49,55,42,42,37,85,False,https://raw.githubusercontent.com/PokeAPI/sprites/master/sprites/pokemon/431.png,51.67
432,Purugly,4,Normal,,71,82,64,64,59,112,False,https://raw.githubusercontent.com/PokeAPI/sprites/master/sprites/pokemon/432.png,75.33
433,Chingling,4,Psychic,,45,30,50,65,50,45,False,https://raw.githubusercontent.com/PokeAPI/sprites/master/sprites/pokemon/433.png,47.5
434,Stunky,4,Poison,Dark,63,63,47,41,41,74,False,https://raw.githubusercontent.com/PokeAPI/sprites/master/sprites/pokemon/434.png,54.83
435,Skuntank,4,Poison,Dark,103,93,67,71,61,84,False,https://raw.githubusercontent.com/PokeAPI/sprites/master/sprites/pokemon/435.png,79.83
436,Bronzor,4,Steel,Psychic,57,24,86,24,86,23,False,https://raw.githubusercontent.com/PokeAPI/sprites/master/sprites/pokemon/436.png,50.0
437,Bronzong,4,Steel,Psychic,67,89,116,79,116,33,False,https://raw.githubusercontent.com/PokeAPI/sprites/master/sprites/pokemon/437.png,83.33
438,Bonsly,4,Rock,,50,80,95,10,45,10,False,https://raw.githubusercontent.com/PokeAPI/sprites/master/sprites/pokemon/438.png,48.33
439,Mime Jr,4,Psychic,Fairy,20,25,45,70,90,60,False,https://raw.githubusercontent.com/PokeAPI/sprites/master/sprites/pokemon/439.png,51.67
440,Happiny,4,Normal,,100,5,5,15,65,30,False,https://raw.githubusercontent.com/PokeAPI/sprites/master/sprites/pokemon/440.png,36.67
441,Chatot,4,Normal,Flying,76,65,45,92,42,91,False,https://raw.githubusercontent.com/PokeAPI/sprites/master/sprites/pokemon/441.png,68.5
442,Spiritomb,4,Ghost,Dark,50,92,108,92,108,35,False,https://raw.githubusercontent.com/PokeAPI/sprites/master/sprites/pokemon/442.png,80.83
443,Gible,4,Dragon,Ground,58,70,45,40,45,42,False,https://raw.githubusercontent.com/PokeAPI/sprites/master/sprites/pokemon/443.png,50.0
444,Gabite,4,Dragon,Ground,68,90,65,50,55,82,False,https://raw.githubusercontent.com/PokeAPI/sprites/master/sprites/pokemon/444.png,68.33
445,Garchomp,4,Dragon,Ground,108,130,95,80,85,102,False,https://raw.githubusercontent.com/PokeAPI/sprites/master/sprites/pokemon/445.png,100.0
446,Munchlax,4,Normal,,135,85,40,40,85,5,False,https://raw.githubusercontent.com/PokeAPI/sprites/master/sprites/pokemon/446.png,65.0
447,Riolu,4,Fighting,,40,70,40,35,40,60,False,https://raw.githubusercontent.com/PokeAPI/sprites/master/sprites/pokemon/447.png,47.5
448,Lucario,4,Fighting,Steel,70,110,70,115,70,90,False,https://raw.githubusercontent.com/PokeAPI/sprites/master/sprites/pokemon/448.png,87.5
449,Hippopotas,4,Ground,,68,72,78,38,42,32,False,https://raw.githubusercontent.com/PokeAPI/sprites/master/sprites/pokemon/449.png,55.0
450,Hippowdon,4,Ground,,108,112,118,68,72,47,False,https://raw.githubusercontent.com/PokeAPI/sprites/master/sprites/pokemon/450.png,87.5
451,Skorupi,4,Poison,Bug,40,50,90,30,55,65,False,https://raw.githubusercontent.com/PokeAPI/sprites/master/sprites/pokemon/451.png,55.0
452,Drapion,4,Poison,Dark,70,90,110,60,75,95,False,https://raw.githubusercontent.com/PokeAPI/sprites/master/sprites/pokemon/452.png,83.33
453,Croagunk,4,Poison,Fighting,48,61,40,61,40,50,False,https://raw.githubusercontent.com/PokeAPI/sprites/master/sprites/pokemon/453.png,50.0
454,Toxicroak,4,Poison,Fighting,83,106,65,86,65,85,False,https://raw.githubusercontent.com/PokeAPI/sprites/master/sprites/pokemon/454.png,81.67
455,Carnivine,4,Grass,,74,100,72,90,72,46,False,https://raw.githubusercontent.com/PokeAPI/sprites/master/sprites/pokemon/455.png,75.67
456,Finneon,4,Water,,49,49,56,49,61,66,False,https://raw.githubusercontent.com/PokeAPI/sprites/master/sprites/pokemon/456.png,55.0
457,Lumineon,4,Water,,69,69,76,69,86,91,False,https://raw.githubusercontent.com/PokeAPI/sprites/master/sprites/pokemon/457.png,76.67
458,Mantyke,4,Water,Flying,45,20,50,60,120,50,False,https://raw.githubusercontent.com/PokeAPI/sprites/master/sprites/pokemon/458.png,57.5
459,Snover,4,Grass,Ice,60,62,50,62,60,40,False,https://raw.githubusercontent.com/PokeAPI/sprites/master/sprites/pokemon/459.png,55.67
460,Abomasnow,4,Grass,Ice,90,92,75,92,85,60,False,https://raw.githubusercontent.com/PokeAPI/sprites/master/sprites/pokemon/460.png,82.33
461,Weavile,4,Dark,Ice,70,120,65,45,85,125,False,https://raw.githubusercontent.com/PokeAPI/sprites/master/sprites/pokemon/461.png,85.0
462,Magnezone,4,Electric,Steel,70,70,115,130,90,60,False,https://raw.githubusercontent.com/PokeAPI/sprites/master/sprites/pokemon/462.png,89.17
463,Lickilicky,4,Normal,,110,85,95,80,95,50,False,https://raw.githubusercontent.com/PokeAPI/sprites/master/sprites/pokemon/463.png,85.83
464,Rhyperior,4,Ground,Rock,115,140,130,55,55,40,False,https://raw.githubusercontent.com/PokeAPI/sprites/master/sprites/pokemon/464.png,89.17
465,Tangrowth,4,Grass,,100,100,125,110,50,50,False,https://raw.githubusercontent.com/PokeAPI/sprites/master/sprites/pokemon/465.png,89.17
466,Electivire,4,Electric,,75,123,67,95,85,95,False,https://raw.githubusercontent.com/PokeAPI/sprites/master/sprites/pokemon/466.png,90.0
467,Magmortar,4,Fire,,75,95,67,125,95,83,False,https://raw.githubusercontent.com/PokeAPI/sprites/master/sprites/pokemon/467.png,90.0
468,Togekiss,4,Fairy,Flying,85,50,95,120,115,80,False,https://raw.githubusercontent.com/PokeAPI/sprites/master/sprites/pokemon/468.png,90.83
469,Yanmega,4,Bug,Flying,86,76,86,116,56,95,False,https://raw.githubusercontent.com/PokeAPI/sprites/master/sprites/pokemon/469.png,85.83
470,Leafeon,4,Grass,,65,110,130,60,65,95,False,https://raw.githubusercontent.com/PokeAPI/sprites/master/sprites/pokemon/470.png,87.5
471,Glaceon,4,Ice,,65,60,110,130,95,65,False,https://raw.githubusercontent.com/PokeAPI/sprites/master/sprites/pokemon/471.png,87.5
472,Gliscor,4,Ground,Flying,75,95,125,45,75,95,False,https://raw.githubusercontent.com/PokeAPI/sprites/master/sprites/pokemon/472.png,85.0
473,Mamoswine,4,Ice,Ground,110,130,80,70,60,80,False,https://raw.githubusercontent.com/PokeAPI/sprites/master/sprites/pokemon/473.png,88.33
474,Porygon Z,4,Normal,,85,80,70,135,75,90,False,https://raw.githubusercontent.com/PokeAPI/sprites/master/sprites/pokemon/474.png,89.17
475,Gallade,4,Psychic,Fighting,68,125,65,65,115,80,False,https://raw.githubusercontent.com/PokeAPI/sprites/master/sprites/pokemon/475.png,86.33
476,Probopass,4,Rock,Steel,60,55,145,75,150,40,False,https://raw.githubusercontent.com/PokeAPI/sprites/master/sprites/pokemon/476.png,87.5
477,Dusknoir,4,Ghost,,45,100,135,65,135,45,False,https://raw.githubusercontent.com/PokeAPI/sprites/master/sprites/pokemon/477.png,87.5
478,Froslass,4,Ice,Ghost,70,80,70,80,70,110,False,https://raw.githubusercontent.com/PokeAPI/sprites/master/sprites/pokemon/478.png,80.0
479,Rotom,4,Electric,Ghost,50,50,77,95,77,91,False,https://raw.githubusercontent.com/PokeAPI/sprites/master/sprites/pokemon/479.png,73.33
480,Uxie,4,Psychic,,75,75,130,75,130,95,True,https://raw.githubusercontent.com/PokeAPI/sprites/master/sprites/pokemon/480.png,96.67
481,Mesprit,4,Psychic,,80,105,105,105,105,80,True,https://raw.githubusercontent.com/PokeAPI/sprites/master/sprites/pokemon/481.png,96.67
482,Azelf,4,Psychic,,75,125,70,125,70,115,True,https://raw.githubusercontent.com/PokeAPI/sprites/master/sprites/pokemon/482.png,96.67
483,Dialga,4,Steel,Dragon,100,120,120,150,100,90,True,https://raw.githubusercontent.com/PokeAPI/sprites/master/sprites/pokemon/483.png,113.33
484,Palkia,4,Water,Dragon,90,120,100,150,120,100,True,https://raw.githubusercontent.com/PokeAPI/sprites/master/sprites/pokemon/484.png,113.33
485,Heatran,4,Fire,Steel,91,90,106,130,106,77,True,https://raw.githubusercontent.com/PokeAPI/sprites/master/sprites/pokemon/485.png,100.0
486,Regigigas,4,Normal,,110,160,110,80,110,100,True,https://raw.githubusercontent.com/PokeAPI/sprites/master/sprites/pokemon/486.png,111.67
488,Cresselia,4,Psychic,,120,70,110,75,120,85,True,https://raw.githubusercontent.com/PokeAPI/sprites/master/sprites/pokemon/488.png,96.67
489,Phione,4,Water,,80,80,80,80,80,80,True,https://raw.githubusercontent.com/PokeAPI/sprites/master/sprites/pokemon/489.png,80.0
490,Manaphy,4,Water,,100,100,100,100,100,100,True,https://raw.githubusercontent.com/PokeAPI/sprites/master/sprites/pokemon/490.png,100.0
491,Darkrai,4,Dark,,70,90,90,135,90,125,True,https://raw.githubusercontent.com/PokeAPI/sprites/master/sprites/pokemon/491.png,100.0
493,Arceus,4,Normal,,120,120,120,120,120,120,True,https://raw.githubusercontent.com/PokeAPI/sprites/master/sprites/pokemon/493.png,120.0
494,Victini,5,Psychic,Fire,100,100,100,100,100,100,True,https://raw.githubusercontent.com/PokeAPI/sprites/master/sprites/pokemon/494.png,100.0
495,Snivy,5,Grass,,45,45,55,45,55,63,False,https://raw.githubusercontent.com/PokeAPI/sprites/master/sprites/pokemon/495.png,51.33
496,Servine,5,Grass,,60,60,75,60,75,83,False,https://raw.githubusercontent.com/PokeAPI/sprites/master/sprites/pokemon/496.png,68.83
497,Serperior,5,Grass,,75,75,95,75,95,113,False,https://raw.githubusercontent.com/PokeAPI/sprites/master/sprites/pokemon/497.png,88.0
498,Tepig,5,Fire,,65,63,45,45,45,45,False,https://raw.githubusercontent.com/PokeAPI/sprites/master/sprites/pokemon/498.png,51.33
499,Pignite,5,Fire,Fighting,90,93,55,70,55,55,False,https://raw.githubusercontent.com/PokeAPI/sprites/master/sprites/pokemon/499.png,69.67
500,Emboar,5,Fire,Fighting,110,123,65,100,65,65,False,https://raw.githubusercontent.com/PokeAPI/sprites/master/sprites/pokemon/500.png,88.0
501,Oshawott,5,Water,,55,55,45,63,45,45,False,https://raw.githubusercontent.com/PokeAPI/sprites/master/sprites/pokemon/501.png,51.33
502,Dewott,5,Water,,75,75,60,83,60,60,False,https://raw.githubusercontent.com/PokeAPI/sprites/master/sprites/pokemon/502.png,68.83
503,Samurott,5,Water,,95,100,85,108,70,70,False,https://raw.githubusercontent.com/PokeAPI/sprites/master/sprites/pokemon/503.png,88.0
504,Patrat,5,Normal,,45,55,39,35,39,42,False,https://raw.githubusercontent.com/PokeAPI/sprites/master/sprites/pokemon/504.png,42.5
505,Watchog,5,Normal,,60,85,69,60,69,77,False,https://raw.githubusercontent.com/PokeAPI/sprites/master/sprites/pokemon/505.png,70.0
506,Lillipup,5,Normal,,45,60,45,25,45,55,False,https://raw.githubusercontent.com/PokeAPI/sprites/master/sprites/pokemon/506.png,45.83
507,Herdier,5,Normal,,65,80,65,35,65,60,False,https://raw.githubusercontent.com/PokeAPI/sprites/master/sprites/pokemon/507.png,61.67
508,Stoutland,5,Normal,,85,110,90,45,90,80,False,https://raw.githubusercontent.com/PokeAPI/sprites/master/sprites/pokemon/508.png,83.33
509,Purrloin,5,Dark,,41,50,37,50,37,66,False,https://raw.githubusercontent.com/PokeAPI/sprites/master/sprites/pokemon/509.png,46.83
510,Liepard,5,Dark,,64,88,50,88,50,106,False,https://raw.githubusercontent.com/PokeAPI/sprites/master/sprites/pokemon/510.png,74.33
511,Pansage,5,Grass,,50,53,48,53,48,64,False,https://raw.githubusercontent.com/PokeAPI/sprites/master/sprites/pokemon/511.png,52.67
512,Simisage,5,Grass,,75,98,63,98,63,101,False,https://raw.githubusercontent.com/PokeAPI/sprites/master/sprites/pokemon/512.png,83.0
513,Pansear,5,Fire,,50,53,48,53,48,64,False,https://raw.githubusercontent.com/PokeAPI/sprites/master/sprites/pokemon/513.png,52.67
514,Simisear,5,Fire,,75,98,63,98,63,101,False,https://raw.githubusercontent.com/PokeAPI/sprites/master/sprites/pokemon/514.png,83.0
515,Panpour,5,Water,,50,53,48,53,48,64,False,https://raw.githubusercontent.com/PokeAPI/sprites/master/sprites/pokemon/515.png,52.67
516,Simipour,5,Water,,75,98,63,98,63,101,False,https://raw.githubusercontent.com/PokeAPI/sprites/master/sprites/pokemon/516.png,83.0
517,Munna,5,Psychic,,76,25,45,67,55,24,False,https://raw.githubusercontent.com/PokeAPI/sprites/master/sprites/pokemon/517.png,48.67
518,Musharna,5,Psychic,,116,55,85,107,95,29,False,https://raw.githubusercontent.com/PokeAPI/sprites/master/sprites/pokemon/518.png,81.17
519,Pidove,5,Normal,Flying,50,55,50,36,30,43,False,https://raw.githubusercontent.com/PokeAPI/sprites/master/sprites/pokemon/519.png,44.0
520,Tranquill,5,Normal,Flying,62,77,62,50,42,65,False,https://raw.githubusercontent.com/PokeAPI/sprites/master/sprites/pokemon/520.png,59.67
521,Unfezant,5,Normal,Flying,80,115,80,65,55,93,False,https://raw.githubusercontent.com/PokeAPI/sprites/master/sprites/pokemon/521.png,81.33
522,Blitzle,5,Electric,,45,60,32,50,32,76,False,https://raw.githubusercontent.com/PokeAPI/sprites/master/sprites/pokemon/522.png,49.17
523,Zebstrika,5,Electric,,75,100,63,80,63,116,False,https://raw.githubusercontent.com/PokeAPI/sprites/master/sprites/pokemon/523.png,82.83
524,Roggenrola,5,Rock,,55,75,85,25,25,15,False,https://raw.githubusercontent.com/PokeAPI/sprites/master/sprites/pokemon/524.png,46.67
525,Boldore,5,Rock,,70,105,105,50,40,20,False,https://raw.githubusercontent.com/PokeAPI/sprites/master/sprites/pokemon/525.png,65.0
526,Gigalith,5,Rock,,85,135,130,60,80,25,False,https://raw.githubusercontent.com/PokeAPI/sprites/master/sprites/pokemon/526.png,85.83
527,Woobat,5,Psychic,Flying,65,45,43,55,43,72,False,https://raw.githubusercontent.com/PokeAPI/sprites/master/sprites/pokemon/527.png,53.83
528,Swoobat,5,Psychic,Flying,67,57,55,77,55,114,False,https://raw.githubusercontent.com/PokeAPI/sprites/master/sprites/pokemon/528.png,70.83
529,Drilbur,5,Ground,,60,85,40,30,45,68,False,https://raw.githubusercontent.com/PokeAPI/sprites/master/sprites/pokemon/529.png,54.67
530,Excadrill,5,Ground,Steel,110,135,60,50,65,88,False,https://raw.githubusercontent.com/PokeAPI/sprites/master/sprites/pokemon/530.png,84.67
531,Audino,5,Normal,,103,60,86,60,86,50,False,https://raw.githubusercontent.com/PokeAPI/sprites/master/sprites/pokemon/531.png,74.17
532,Timburr,5,Fighting,,75,80,55,25,35,35,False,https://raw.githubusercontent.com/PokeAPI/sprites/master/sprites/pokemon/532.png,50.83
533,Gurdurr,5,Fighting,,85,105,85,40,50,40,False,https://raw.githubusercontent.com/PokeAPI/sprites/master/sprites/pokemon/533.png,67.5
534,Conkeldurr,5,Fighting,,105,140,95,55,65,45,False,https://raw.githubusercontent.com/PokeAPI/sprites/master/sprites/pokemon/534.png,84.17
535,Tympole,5,Water,,50,50,40,50,40,64,False,https://raw.githubusercontent.com/PokeAPI/sprites/master/sprites/pokemon/535.png,49.0
536,Palpitoad,5,Water,Ground,75,65,55,65,55,69,False,https://raw.githubusercontent.com/PokeAPI/sprites/master/sprites/pokemon/536.png,64.0
537,Seismitoad,5,Water,Ground,105,95,75,85,75,74,False,https://raw.githubusercontent.com/PokeAPI/sprites/master/sprites/pokemon/537.png,84.83
538,Throh,5,Fighting,,120,100,85,30,85,45,False,https://raw.githubusercontent.com/PokeAPI/sprites/master/sprites/pokemon/538.png,77.5
539,Sawk,5,Fighting,,75,125,75,30,75,85,False,https://raw.githubusercontent.com/PokeAPI/sprites/master/sprites/pokemon/539.png,77.5
540,Sewaddle,5,Bug,Grass,45,53,70,40,60,42,False,https://raw.githubusercontent.com/PokeAPI/sprites/master/sprites/pokemon/540.png,51.67
541,Swadloon,5,Bug,Grass,55,63,90,50,80,42,False,https://raw.githubusercontent.com/PokeAPI/sprites/master/sprites/pokemon/541.png,63.33
542,Leavanny,5,Bug,Grass,75,103,80,70,80,92,False,https://raw.githubusercontent.com/PokeAPI/sprites/master/sprites/pokemon/542.png,83.33
543,Venipede,5,Bug,Poison,30,45,59,30,39,57,False,https://raw.githubusercontent.com/PokeAPI/sprites/master/sprites/pokemon/543.png,43.33
544,Whirlipede,5,Bug,Poison,40,55,99,40,79,47,False,https://raw.githubusercontent.com/PokeAPI/sprites/master/sprites/pokemon/544.png,60.0
545,Scolipede,5,Bug,Poison,60,100,89,55,69,112,False,https://raw.githubusercontent.com/PokeAPI/sprites/master/sprites/pokemon/545.png,80.83
546,Cottonee,5,Grass,Fairy,40,27,60,37,50,66,False,https://raw.githubusercontent.com/PokeAPI/sprites/master/sprites/pokemon/546.png,46.67
547,Whimsicott,5,Grass,Fairy,60,67,85,77,75,116,False,https://raw.githubusercontent.com/PokeAPI/sprites/master/sprites/pokemon/547.png,80.0
548,Petilil,5,Grass,,45,35,50,70,50,30,False,https://raw.githubusercontent.com/PokeAPI/sprites/master/sprites/pokemon/548.png,46.67
549,Lilligant,5,Grass,,70,60,75,110,75,90,False,https://raw.githubusercontent.com/PokeAPI/sprites/master/sprites/pokemon/549.png,80.0
551,Sandile,5,Ground,Dark,50,72,35,35,35,65,False,https://raw.githubusercontent.com/PokeAPI/sprites/master/sprites/pokemon/551.png,48.67
552,Krokorok,5,Ground,Dark,60,82,45,45,45,74,False,https://raw.githubusercontent.com/PokeAPI/sprites/master/sprites/pokemon/552.png,58.5
553,Krookodile,5,Ground,Dark,95,117,80,65,70,92,False,https://raw.githubusercontent.com/PokeAPI/sprites/master/sprites/pokemon/553.png,86.5
554,Darumaka,5,Fire,,70,90,45,15,45,50,False,https://raw.githubusercontent.com/PokeAPI/sprites/master/sprites/pokemon/554.png,52.5
556,Maractus,5,Grass,,75,86,67,106,67,60,False,https://raw.githubusercontent.com/PokeAPI/sprites/master/sprites/pokemon/556.png,76.83
557,Dwebble,5,Bug,Rock,50,65,85,35,35,55,False,https://raw.githubusercontent.com/PokeAPI/sprites/master/sprites/pokemon/557.png,54.17
558,Crustle,5,Bug,Rock,70,105,125,65,75,45,False,https://raw.githubusercontent.com/PokeAPI/sprites/master/sprites/pokemon/558.png,80.83
559,Scraggy,5,Dark,Fighting,50,75,70,35,70,48,False,https://raw.githubusercontent.com/PokeAPI/sprites/master/sprites/pokemon/559.png,58.0
560,Scrafty,5,Dark,Fighting,65,90,115,45,115,58,False,https://raw.githubusercontent.com/PokeAPI/sprites/master/sprites/pokemon/560.png,81.33
561,Sigilyph,5,Psychic,Flying,72,58,80,103,80,97,False,https://raw.githubusercontent.com/PokeAPI/sprites/master/sprites/pokemon/561.png,81.67
562,Yamask,5,Ghost,,38,30,85,55,65,30,False,https://raw.githubusercontent.com/PokeAPI/sprites/master/sprites/pokemon/562.png,50.5
563,Cofagrigus,5,Ghost,,58,50,145,95,105,30,False,https://raw.githubusercontent.com/PokeAPI/sprites/master/sprites/pokemon/563.png,80.5
564,Tirtouga,5,Water,Rock,54,78,103,53,45,22,False,https://raw.githubusercontent.com/PokeAPI/sprites/master/sprites/pokemon/564.png,59.17
565,Carracosta,5,Water,Rock,74,108,133,83,65,32,False,https://raw.githubusercontent.com/PokeAPI/sprites/master/sprites/pokemon/565.png,82.5
566,Archen,5,Rock,Flying,55,112,45,74,45,70,False,https://raw.githubusercontent.com/PokeAPI/sprites/master/sprites/pokemon/566.png,66.83
567,Archeops,5,Rock,Flying,75,140,65,112,65,110,False,https://raw.githubusercontent.com/PokeAPI/sprites/master/sprites/pokemon/567.png,94.5
568,Trubbish,5,Poison,,50,50,62,40,62,65,False,https://raw.githubusercontent.com/PokeAPI/sprites/master/sprites/pokemon/568.png,54.83
569,Garbodor,5,Poison,,80,95,82,60,82,75,False,https://raw.githubusercontent.com/PokeAPI/sprites/master/sprites/pokemon/569.png,79.0
570,Zorua,5,Dark,,40,65,40,80,40,65,False,https://raw.githubusercontent.com/PokeAPI/sprites/master/sprites/pokemon/570.png,55.0
571,Zoroark,5,Dark,,60,105,60,120,60,105,False,https://raw.githubusercontent.com/PokeAPI/sprites/master/sprites/pokemon/571.png,85.0
572,Minccino,5,Normal,,55,50,40,40,40,75,False,https://raw.githubusercontent.com/PokeAPI/sprites/master/sprites/pokemon/572.png,50.0
573,Cinccino,5,Normal,,75,95,60,65,60,115,False,https://raw.githubusercontent.com/PokeAPI/sprites/master/sprites/pokemon/573.png,78.33
574,Gothita,5,Psychic,,45,30,50,55,65,45,False,https://raw.githubusercontent.com/PokeAPI/sprites/master/sprites/pokemon/574.png,48.33
575,Gothorita,5,Psychic,,60,45,70,75,85,55,False,https://raw.githubusercontent.com/PokeAPI/sprites/master/sprites/pokemon/575.png,65.0
576,Gothitelle,5,Psychic,,70,55,95,95,110,65,False,https://raw.githubusercontent.com/PokeAPI/sprites/master/sprites/pokemon/576.png,81.67
577,Solosis,5,Psychic,,45,30,40,105,50,20,False,https://raw.githubusercontent.com/PokeAPI/sprites/master/sprites/pokemon/577.png,48.33
578,Duosion,5,Psychic,,65,40,50,125,60,30,False,https://raw.githubusercontent.com/PokeAPI/sprites/master/sprites/pokemon/578.png,61.67
579,Reuniclus,5,Psychic,,110,65,75,125,85,30,False,https://raw.githubusercontent.com/PokeAPI/sprites/master/sprites/pokemon/579.png,81.67
580,Ducklett,5,Water,Flying,62,44,50,44,50,55,False,https://raw.githubusercontent.com/PokeAPI/sprites/master/sprites/pokemon/580.png,50.83
581,Swanna,5,Water,Flying,75,87,63,87,63,98,False,https://raw.githubusercontent.com/PokeAPI/sprites/master/sprites/pokemon/581.png,78.83
582,Vanillite,5,Ice,,36,50,50,65,60,44,False,https://raw.githubusercontent.com/PokeAPI/sprites/master/sprites/pokemon/582.png,50.83
583,Vanillish,5,Ice,,51,65,65,80,75,59,False,https://raw.githubusercontent.com/PokeAPI/sprites/master/sprites/pokemon/583.png,65.83
584,Vanilluxe,5,Ice,,71,95,85,110,95,79,False,https://raw.githubusercontent.com/PokeAPI/sprites/master/sprites/pokemon/584.png,89.17
585,Deerling,5,Normal,Grass,60,60,50,40,50,75,False,https://raw.githubusercontent.com/PokeAPI/sprites/master/sprites/pokemon/585.png,55.83
586,Sawsbuck,5,Normal,Grass,80,100,70,60,70,95,False,https://raw.githubusercontent.com/PokeAPI/sprites/master/sprites/pokemon/586.png,79.17
587,Emolga,5,Electric,Flying,55,75,60,75,60,103,False,https://raw.githubusercontent.com/PokeAPI/sprites/master/sprites/pokemon/587.png,71.33
588,Karrablast,5,Bug,,50,75,45,40,45,60,False,https://raw.githubusercontent.com/PokeAPI/sprites/master/sprites/pokemon/588.png,52.5
589,Escavalier,5,Bug,Steel,70,135,105,60,105,20,False,https://raw.githubusercontent.com/PokeAPI/sprites/master/sprites/pokemon/589.png,82.5
590,Foongus,5,Grass,Poison,69,55,45,55,55,15,False,https://raw.githubusercontent.com/PokeAPI/sprites/master/sprites/pokemon/590.png,49.0
591,Amoonguss,5,Grass,Poison,114,85,70,85,80,30,False,https://raw.githubusercontent.com/PokeAPI/sprites/master/sprites/pokemon/591.png,77.33
594,Alomomola,5,Water,,165,75,80,40,45,65,False,https://raw.githubusercontent.com/PokeAPI/sprites/master/sprites/pokemon/594.png,78.33
595,Joltik,5,Bug,Electric,50,47,50,57,50,65,False,https://raw.githubusercontent.com/PokeAPI/sprites/master/sprites/pokemon/595.png,53.17
596,Galvantula,5,Bug,Electric,70,77,60,97,60,108,False,https://raw.githubusercontent.com/PokeAPI/sprites/master/sprites/pokemon/596.png,78.67
597,Ferroseed,5,Grass,Steel,44,50,91,24,86,10,False,https://raw.githubusercontent.com/PokeAPI/sprites/master/sprites/pokemon/597.png,50.83
598,Ferrothorn,5,Grass,Steel,74,94,131,54,116,20,False,https://raw.githubusercontent.com/PokeAPI/sprites/master/sprites/pokemon/598.png,81.5
599,Klink,5,Steel,,40,55,70,45,60,30,False,https://raw.githubusercontent.com/PokeAPI/sprites/master/sprites/pokemon/599.png,50.0
600,Klang,5,Steel,,60,80,95,70,85,50,False,https://raw.githubusercontent.com/PokeAPI/sprites/master/sprites/pokemon/600.png,73.33
601,Klinklang,5,Steel,,60,100,115,70,85,90,False,https://raw.githubusercontent.com/PokeAPI/sprites/master/sprites/pokemon/601.png,86.67
602,Tynamo,5,Electric,,35,55,40,45,40,60,False,https://raw.githubusercontent.com/PokeAPI/sprites/master/sprites/pokemon/602.png,45.83
603,Eelektrik,5,Electric,,65,85,70,75,70,40,False,https://raw.githubusercontent.com/PokeAPI/sprites/master/sprites/pokemon/603.png,67.5
604,Eelektross,5,Electric,,85,115,80,105,80,50,False,https://raw.githubusercontent.com/PokeAPI/sprites/master/sprites/pokemon/604.png,85.83
605,Elgyem,5,Psychic,,55,55,55,85,55,30,False,https://raw.githubusercontent.com/PokeAPI/sprites/master/sprites/pokemon/605.png,55.83
606,Beheeyem,5,Psychic,,75,75,75,125,95,40,False,https://raw.githubusercontent.com/PokeAPI/sprites/master/sprites/pokemon/606.png,80.83
607,Litwick,5,Ghost,Fire,50,30,55,65,55,20,False,https://raw.githubusercontent.com/PokeAPI/sprites/master/sprites/pokemon/607.png,45.83
608,Lampent,5,Ghost,Fire,60,40,60,95,60,55,False,https://raw.githubusercontent.com/PokeAPI/sprites/master/sprites/pokemon/608.png,61.67
609,Chandelure,5,Ghost,Fire,60,55,90,145,90,80,False,https://raw.githubusercontent.com/PokeAPI/sprites/master/sprites/pokemon/609.png,86.67
610,Axew,5,Dragon,,46,87,60,30,40,57,False,https://raw.githubusercontent.com/PokeAPI/sprites/master/sprites/pokemon/610.png,53.33
611,Fraxure,5,Dragon,,66,117,70,40,50,67,False,https://raw.githubusercontent.com/PokeAPI/sprites/master/sprites/pokemon/611.png,68.33
612,Haxorus,5,Dragon,,76,147,90,60,70,97,False,https://raw.githubusercontent.com/PokeAPI/sprites/master/sprites/pokemon/612.png,90.0
613,Cubchoo,5,Ice,,55,70,40,60,40,40,False,https://raw.githubusercontent.com/PokeAPI/sprites/master/sprites/pokemon/613.png,50.83
614,Beartic,5,Ice,,95,130,80,70,80,50,False,https://raw.githubusercontent.com/PokeAPI/sprites/master/sprites/pokemon/614.png,84.17
615,Cryogonal,5,Ice,,80,50,50,95,135,105,False,https://raw.githubusercontent.com/PokeAPI/sprites/master/sprites/pokemon/615.png,85.83
616,Shelmet,5,Bug,,50,40,85,40,65,25,False,https://raw.githubusercontent.com/PokeAPI/sprites/master/sprites/pokemon/616.png,50.83
617,Accelgor,5,Bug,,80,70,40,100,60,145,False,https://raw.githubusercontent.com/PokeAPI/sprites/master/sprites/pokemon/617.png,82.5
618,Stunfisk,5,Ground,Electric,109,66,84,81,99,32,False,https://raw.githubusercontent.com/PokeAPI/sprites/master/sprites/pokemon/618.png,78.5
619,Mienfoo,5,Fighting,,45,85,50,55,50,65,False,https://raw.githubusercontent.com/PokeAPI/sprites/master/sprites/pokemon/619.png,58.33
620,Mienshao,5,Fighting,,65,125,60,95,60,105,False,https://raw.githubusercontent.com/PokeAPI/sprites/master/sprites/pokemon/620.png,85.0
621,Druddigon,5,Dragon,,77,120,90,60,90,48,False,https://raw.githubusercontent.com/PokeAPI/sprites/master/sprites/pokemon/621.png,80.83
622,Golett,5,Ground,Ghost,59,74,50,35,50,35,False,https://raw.githubusercontent.com/PokeAPI/sprites/master/sprites/pokemon/622.png,50.5
623,Golurk,5,Ground,Ghost,89,124,80,55,80,55,False,https://raw.githubusercontent.com/PokeAPI/sprites/master/sprites/pokemon/623.png,80.5
624,Pawniard,5,Dark,Steel,45,85,70,40,40,60,False,https://raw.githubusercontent.com/PokeAPI/sprites/master/sprites/pokemon/624.png,56.67
625,Bisharp,5,Dark,Steel,65,125,100,60,70,70,False,https://raw.githubusercontent.com/PokeAPI/sprites/master/sprites/pokemon/625.png,81.67
626,Bouffalant,5,Normal,,95,110,95,40,95,55,False,https://raw.githubusercontent.com/PokeAPI/sprites/master/sprites/pokemon/626.png,81.67
627,Rufflet,5,Normal,Flying,70,83,50,37,50,60,False,https://raw.githubusercontent.com/PokeAPI/sprites/master/sprites/pokemon/627.png,58.33
628,Braviary,5,Normal,Flying,100,123,75,57,75,80,False,https://raw.githubusercontent.com/PokeAPI/sprites/master/sprites/pokemon/628.png,85.0
629,Vullaby,5,Dark,Flying,70,55,75,45,65,60,False,https://raw.githubusercontent.com/PokeAPI/sprites/master/sprites/pokemon/629.png,61.67
630,Mandibuzz,5,Dark,Flying,110,65,105,55,95,80,False,https://raw.githubusercontent.com/PokeAPI/sprites/master/sprites/pokemon/630.png,85.0
631,Heatmor,5,Fire,,85,97,66,105,66,65,False,https://raw.githubusercontent.com/PokeAPI/sprites/master/sprites/pokemon/631.png,80.67
632,Durant,5,Bug,Steel,58,109,112,48,48,109,False,https://raw.githubusercontent.com/PokeAPI/sprites/master/sprites/pokemon/632.png,80.67
633,Deino,5,Dark,Dragon,52,65,50,45,50,38,False,https://raw.githubusercontent.com/PokeAPI/sprites/master/sprites/pokemon/633.png,50.0
634,Zweilous,5,Dark,Dragon,72,85,70,65,70,58,False,https://raw.githubusercontent.com/PokeAPI/sprites/master/sprites/pokemon/634.png,70.0
635,Hydreigon,5,Dark,Dragon,92,105,90,125,90,98,False,https://raw.githubusercontent.com/PokeAPI/sprites/master/sprites/pokemon/635.png,100.0
636,Larvesta,5,Bug,Fire,55,85,55,50,55,60,False,https://raw.githubusercontent.com/PokeAPI/sprites/master/sprites/pokemon/636.png,60.0
637,Volcarona,5,Bug,Fire,85,60,65,135,105,100,False,https://raw.githubusercontent.com/PokeAPI/sprites/master/sprites/pokemon/637.png,91.67
638,Cobalion,5,Steel,Fighting,91,90,129,90,72,108,True,https://raw.githubusercontent.com/PokeAPI/sprites/master/sprites/pokemon/638.png,96.67
639,Terrakion,5,Rock,Fighting,91,129,90,72,90,108,True,https://raw.githubusercontent.com/PokeAPI/sprites/master/sprites/pokemon/639.png,96.67
640,Virizion,5,Grass,Fighting,91,90,72,90,129,108,True,https://raw.githubusercontent.com/PokeAPI/sprites/master/sprites/pokemon/640.png,96.67
643,Reshiram,5,Dragon,Fire,100,120,100,150,120,90,True,https://raw.githubusercontent.com/PokeAPI/sprites/master/sprites/pokemon/643.png,113.33
644,Zekrom,5,Dragon,Electric,100,150,120,120,100,90,True,https://raw.githubusercontent.com/PokeAPI/sprites/master/sprites/pokemon/644.png,113.33
646,Kyurem,5,Dragon,Ice,125,130,90,130,90,95,True,https://raw.githubusercontent.com/PokeAPI/sprites/master/sprites/pokemon/646.png,110.0
649,Genesect,5,Bug,Steel,71,120,95,120,95,99,True,https://raw.githubusercontent.com/PokeAPI/sprites/master/sprites/pokemon/649.png,100.0
650,Chespin,6,Grass,,56,61,65,48,45,38,False,https://raw.githubusercontent.com/PokeAPI/sprites/master/sprites/pokemon/650.png,52.17
651,Quilladin,6,Grass,,61,78,95,56,58,57,False,https://raw.githubusercontent.com/PokeAPI/sprites/master/sprites/pokemon/651.png,67.5
652,Chesnaught,6,Grass,Fighting,88,107,122,74,75,64,False,https://raw.githubusercontent.com/PokeAPI/sprites/master/sprites/pokemon/652.png,88.33
653,Fennekin,6,Fire,,40,45,40,62,60,60,False,https://raw.githubusercontent.com/PokeAPI/sprites/master/sprites/pokemon/653.png,51.17
654,Braixen,6,Fire,,59,59,58,90,70,73,False,https://raw.githubusercontent.com/PokeAPI/sprites/master/sprites/pokemon/654.png,68.17
655,Delphox,6,Fire,Psychic,75,69,72,114,100,104,False,https://raw.githubusercontent.com/PokeAPI/sprites/master/sprites/pokemon/655.png,89.0
656,Froakie,6,Water,,41,56,40,62,44,71,False,https://raw.githubusercontent.com/PokeAPI/sprites/master/sprites/pokemon/656.png,52.33
657,Frogadier,6,Water,,54,63,52,83,56,97,False,https://raw.githubusercontent.com/PokeAPI/sprites/master/sprites/pokemon/657.png,67.5
658,Greninja,6,Water,Dark,72,95,67,103,71,122,False,https://raw.githubusercontent.com/PokeAPI/sprites/master/sprites/pokemon/658.png,88.33
659,Bunnelby,6,Normal,,38,36,38,32,36,57,False,https://raw.githubusercontent.com/PokeAPI/sprites/master/sprites/pokemon/659.png,39.5
660,Diggersby,6,Normal,Ground,85,56,77,50,77,78,False,https://raw.githubusercontent.com/PokeAPI/sprites/master/sprites/pokemon/660.png,70.5
661,Fletchling,6,Normal,Flying,45,50,43,40,38,62,False,https://raw.githubusercontent.com/PokeAPI/sprites/master/sprites/pokemon/661.png,46.33
662,Fletchinder,6,Fire,Flying,62,73,55,56,52,84,False,https://raw.githubusercontent.com/PokeAPI/sprites/master/sprites/pokemon/662.png,63.67
663,Talonflame,6,Fire,Flying,78,81,71,74,69,126,False,https://raw.githubusercontent.com/PokeAPI/sprites/master/sprites/pokemon/663.png,83.17
664,Scatterbug,6,Bug,,38,35,40,27,25,35,False,https://raw.githubusercontent.com/PokeAPI/sprites/master/sprites/pokemon/664.png,33.33
665,Spewpa,6,Bug,,45,22,60,27,30,29,False,https://raw.githubusercontent.com/PokeAPI/sprites/master/sprites/pokemon/665.png,35.5
666,Vivillon,6,Bug,Flying,80,52,50,90,50,89,False,https://raw.githubusercontent.com/PokeAPI/sprites/master/sprites/pokemon/666.png,68.5
667,Litleo,6,Fire,Normal,62,50,58,73,54,72,False,https://raw.githubusercontent.com/PokeAPI/sprites/master/sprites/pokemon/667.png,61.5
669,Flabebe,6,Fairy,,44,38,39,61,79,42,False,https://raw.githubusercontent.com/PokeAPI/sprites/master/sprites/pokemon/669.png,50.5
670,Floette,6,Fairy,,54,45,47,75,98,52,False,https://raw.githubusercontent.com/PokeAPI/sprites/master/sprites/pokemon/670.png,61.83
671,Florges,6,Fairy,,78,65,68,112,154,75,False,https://raw.githubusercontent.com/PokeAPI/sprites/master/sprites/pokemon/671.png,92.0
672,Skiddo,6,Grass,,66,65,48,62,57,52,False,https://raw.githubusercontent.com/PokeAPI/sprites/master/sprites/pokemon/672.png,58.33
673,Gogoat,6,Grass,,123,100,62,97,81,68,False,https://raw.githubusercontent.com/PokeAPI/sprites/master/sprites/pokemon/673.png,88.5
674,Pancham,6,Fighting,,67,82,62,46,48,43,False,https://raw.githubusercontent.com/PokeAPI/sprites/master/sprites/pokemon/674.png,58.0
675,Pangoro,6,Fighting,Dark,95,124,78,69,71,58,False,https://raw.githubusercontent.com/PokeAPI/sprites/master/sprites/pokemon/675.png,82.5
676,Furfrou,6,Normal,,75,80,60,65,90,102,False,https://raw.githubusercontent.com/PokeAPI/sprites/master/sprites/pokemon/676.png,78.67
677,Espurr,6,Psychic,,62,48,54,63,60,68,False,https://raw.githubusercontent.com/PokeAPI/sprites/master/sprites/pokemon/677.png,59.17
679,Honedge,6,Steel,Ghost,45,80,100,35,37,28,False,https://raw.githubusercontent.com/PokeAPI/sprites/master/sprites/pokemon/679.png,54.17
680,Doublade,6,Steel,Ghost,59,110,150,45,49,35,False,https://raw.githubusercontent.com/PokeAPI/sprites/master/sprites/pokemon/680.png,74.67
682,Spritzee,6,Fairy,,78,52,60,63,65,23,False,https://raw.githubusercontent.com/PokeAPI/sprites/master/sprites/pokemon/682.png,56.83
683,Aromatisse,6,Fairy,,101,72,72,99,89,29,False,https://raw.githubusercontent.com/PokeAPI/sprites/master/sprites/pokemon/683.png,77.0
684,Swirlix,6,Fairy,,62,48,66,59,57,49,False,https://raw.githubusercontent.com/PokeAPI/sprites/master/sprites/pokemon/684.png,56.83
685,Slurpuff,6,Fairy,,82,80,86,85,75,72,False,https://raw.githubusercontent.com/PokeAPI/sprites/master/sprites/pokemon/685.png,80.0
686,Inkay,6,Dark,Psychic,53,54,53,37,46,45,False,https://raw.githubusercontent.com/PokeAPI/sprites/master/sprites/pokemon/686.png,48.0
687,Malamar,6,Dark,Psychic,86,92,88,68,75,73,False,https://raw.githubusercontent.com/PokeAPI/sprites/master/sprites/pokemon/687.png,80.33
688,Binacle,6,Rock,Water,42,52,67,39,56,50,False,https://raw.githubusercontent.com/PokeAPI/sprites/master/sprites/pokemon/688.png,51.0
689,Barbaracle,6,Rock,Water,72,105,115,54,86,68,False,https://raw.githubusercontent.com/PokeAPI/sprites/master/sprites/pokemon/689.png,83.33
690,Skrelp,6,Poison,Water,50,60,60,60,60,30,False,https://raw.githubusercontent.com/PokeAPI/sprites/master/sprites/pokemon/690.png,53.33
691,Dragalge,6,Poison,Dragon,65,75,90,97,123,44,False,https://raw.githubusercontent.com/PokeAPI/sprites/master/sprites/pokemon/691.png,82.33
692,Clauncher,6,Water,,50,53,62,58,63,44,False,https://raw.githubusercontent.com/PokeAPI/sprites/master/sprites/pokemon/692.png,55.0
693,Clawitzer,6,Water,,71,73,88,120,89,59,False,https://raw.githubusercontent.com/PokeAPI/sprites/master/sprites/pokemon/693.png,83.33
694,Helioptile,6,Electric,Normal,44,38,33,61,43,70,False,https://raw.githubusercontent.com/PokeAPI/sprites/master/sprites/pokemon/694.png,48.17
695,Heliolisk,6,Electric,Normal,62,55,52,109,94,109,False,https://raw.githubusercontent.com/PokeAPI/sprites/master/sprites/pokemon/695.png,80.17
696,Tyrunt,6,Rock,Dragon,58,89,77,45,45,48,False,https://raw.githubusercontent.com/PokeAPI/sprites/master/sprites/pokemon/696.png,60.33
697,Tyrantrum,6,Rock,Dragon,82,121,119,69,59,71,False,https://raw.githubusercontent.com/PokeAPI/sprites/master/sprites/pokemon/697.png,86.83
698,Amaura,6,Rock,Ice,77,59,50,67,63,46,False,https://raw.githubusercontent.com/PokeAPI/sprites/master/sprites/pokemon/698.png,60.33
699,Aurorus,6,Rock,Ice,123,77,72,99,92,58,False,https://raw.githubusercontent.com/PokeAPI/sprites/master/sprites/pokemon/699.png,86.83
700,Sylveon,6,Fairy,,95,65,65,110,130,60,False,https://raw.githubusercontent.com/PokeAPI/sprites/master/sprites/pokemon/700.png,87.5
701,Hawlucha,6,Fighting,Flying,78,92,75,74,63,118,False,https://raw.githubusercontent.com/PokeAPI/sprites/master/sprites/pokemon/701.png,83.33
702,Dedenne,6,Electric,Fairy,67,58,57,81,67,101,False,https://raw.githubusercontent.com/PokeAPI/sprites/master/sprites/pokemon/702.png,71.83
703,Carbink,6,Rock,Fairy,50,50,150,50,150,50,False,https://raw.githubusercontent.com/PokeAPI/sprites/master/sprites/pokemon/703.png,83.33
704,Goomy,6,Dragon,,45,50,35,55,75,40,False,https://raw.githubusercontent.com/PokeAPI/sprites/master/sprites/pokemon/704.png,50.0
705,Sliggoo,6,Dragon,,68,75,53,83,113,60,False,https://raw.githubusercontent.com/PokeAPI/sprites/master/sprites/pokemon/705.png,75.33
706,Goodra,6,Dragon,,90,100,70,110,150,80,False,https://raw.githubusercontent.com/PokeAPI/sprites/master/sprites/pokemon/706.png,100.0
707,Klefki,6,Steel,Fairy,57,80,91,80,87,75,False,https://raw.githubusercontent.com/PokeAPI/sprites/master/sprites/pokemon/707.png,78.33
708,Phantump,6,Ghost,Grass,43,70,48,50,60,38,False,https://raw.githubusercontent.com/PokeAPI/sprites/master/sprites/pokemon/708.png,51.5
709,Trevenant,6,Ghost,Grass,85,110,76,65,82,56,False,https://raw.githubusercontent.com/PokeAPI/sprites/master/sprites/pokemon/709.png,79.0
712,Bergmite,6,Ice,,55,69,85,32,35,28,False,https://raw.githubusercontent.com/PokeAPI/sprites/master/sprites/pokemon/712.png,50.67
713,Avalugg,6,Ice,,95,117,184,44,46,28,False,https://raw.githubusercontent.com/PokeAPI/sprites/master/sprites/pokemon/713.png,85.67
714,Noibat,6,Flying,Dragon,40,30,35,45,40,55,False,https://raw.githubusercontent.com/PokeAPI/sprites/master/sprites/pokemon/714.png,40.83
715,Noivern,6,Flying,Dragon,85,70,80,97,80,123,False,https://raw.githubusercontent.com/PokeAPI/sprites/master/sprites/pokemon/715.png,89.17
716,Xerneas,6,Fairy,,126,131,95,131,98,99,True,https://raw.githubusercontent.com/PokeAPI/sprites/master/sprites/pokemon/716.png,113.33
717,Yveltal,6,Dark,Flying,126,131,95,131,98,99,True,https://raw.githubusercontent.com/PokeAPI/sprites/master/sprites/pokemon/717.png,113.33
719,Diancie,6,Rock,Fairy,50,100,150,100,150,50,True,https://raw.githubusercontent.com/PokeAPI/sprites/master/sprites/pokemon/719.png,100.0
720,Hoopa,6,Psychic,Ghost,80,110,60,150,130,70,True,https://raw.githubusercontent.com/PokeAPI/sprites/master/sprites/pokemon/720.png,100.0
721,Volcanion,6,Fire,Water,80,110,120,130,90,70,True,https://raw.githubusercontent.com/PokeAPI/sprites/master/sprites/pokemon/721.png,100.0
722,Rowlet,7,Grass,Flying,68,55,55,50,50,42,False,https://raw.githubusercontent.com/PokeAPI/sprites/master/sprites/pokemon/722.png,53.33
723,Dartrix,7,Grass,Flying,78,75,75,70,70,52,False,https://raw.githubusercontent.com/PokeAPI/sprites/master/sprites/pokemon/723.png,70.0
724,Decidueye,7,Grass,Ghost,78,107,75,100,100,70,False,https://raw.githubusercontent.com/PokeAPI/sprites/master/sprites/pokemon/724.png,88.33
725,Litten,7,Fire,,45,65,40,60,40,70,False,https://raw.githubusercontent.com/PokeAPI/sprites/master/sprites/pokemon/725.png,53.33
726,Torracat,7,Fire,,65,85,50,80,50,90,False,https://raw.githubusercontent.com/PokeAPI/sprites/master/sprites/pokemon/726.png,70.0
727,Incineroar,7,Fire,Dark,95,115,90,80,90,60,False,https://raw.githubusercontent.com/PokeAPI/sprites/master/sprites/pokemon/727.png,88.33
728,Popplio,7,Water,,50,54,54,66,56,40,False,https://raw.githubusercontent.com/PokeAPI/sprites/master/sprites/pokemon/728.png,53.33
729,Brionne,7,Water,,60,69,69,91,81,50,False,https://raw.githubusercontent.com/PokeAPI/sprites/master/sprites/pokemon/729.png,70.0
730,Primarina,7,Water,Fairy,80,74,74,126,116,60,False,https://raw.githubusercontent.com/PokeAPI/sprites/master/sprites/pokemon/730.png,88.33
731,Pikipek,7,Normal,Flying,35,75,30,30,30,65,False,https://raw.githubusercontent.com/PokeAPI/sprites/master/sprites/pokemon/731.png,44.17
732,Trumbeak,7,Normal,Flying,55,85,50,40,50,75,False,https://raw.githubusercontent.com/PokeAPI/sprites/master/sprites/pokemon/732.png,59.17
733,Toucannon,7,Normal,Flying,80,120,75,75,75,60,False,https://raw.githubusercontent.com/PokeAPI/sprites/master/sprites/pokemon/733.png,80.83
734,Yungoos,7,Normal,,48,70,30,30,30,45,False,https://raw.githubusercontent.com/PokeAPI/sprites/master/sprites/pokemon/734.png,42.17
735,Gumshoos,7,Normal,,88,110,60,55,60,45,False,https://raw.githubusercontent.com/PokeAPI/sprites/master/sprites/pokemon/735.png,69.67
736,Grubbin,7,Bug,,47,62,45,55,45,46,False,https://raw.githubusercontent.com/PokeAPI/sprites/master/sprites/pokemon/736.png,50.0
737,Charjabug,7,Bug,Electric,57,82,95,55,75,36,False,https://raw.githubusercontent.com/PokeAPI/sprites/master/sprites/pokemon/737.png,66.67
738,Vikavolt,7,Bug,Electric,77,70,90,145,75,43,False,https://raw.githubusercontent.com/PokeAPI/sprites/master/sprites/pokemon/738.png,83.33
739,Crabrawler,7,Fighting,,47,82,57,42,47,63,False,https://raw.githubusercontent.com/PokeAPI/sprites/master/sprites/pokemon/739.png,56.33
740,Crabominable,7,Fighting,Ice,97,132,77,62,67,43,False,https://raw.githubusercontent.com/PokeAPI/sprites/master/sprites/pokemon/740.png,79.67
742,Cutiefly,7,Bug,Fairy,40,45,40,55,40,84,False,https://raw.githubusercontent.com/PokeAPI/sprites/master/sprites/pokemon/742.png,50.67
743,Ribombee,7,Bug,Fairy,60,55,60,95,70,124,False,https://raw.githubusercontent.com/PokeAPI/sprites/master/sprites/pokemon/743.png,77.33
744,Rockruff,7,Rock,,45,65,40,30,40,60,False,https://raw.githubusercontent.com/PokeAPI/sprites/master/sprites/pokemon/744.png,46.67
747,Mareanie,7,Poison,Water,50,53,62,43,52,45,False,https://raw.githubusercontent.com/PokeAPI/sprites/master/sprites/pokemon/747.png,50.83
748,Toxapex,7,Poison,Water,50,63,152,53,142,35,False,https://raw.githubusercontent.com/PokeAPI/sprites/master/sprites/pokemon/748.png,82.5
749,Mudbray,7,Ground,,70,100,70,45,55,45,False,https://raw.githubusercontent.com/PokeAPI/sprites/master/sprites/pokemon/749.png,64.17
750,Mudsdale,7,Ground,,100,125,100,55,85,35,False,https://raw.githubusercontent.com/PokeAPI/sprites/master/sprites/pokemon/750.png,83.33
751,Dewpider,7,Water,Bug,38,40,52,40,72,27,False,https://raw.githubusercontent.com/PokeAPI/sprites/master/sprites/pokemon/751.png,44.83
752,Araquanid,7,Water,Bug,68,70,92,50,132,42,False,https://raw.githubusercontent.com/PokeAPI/sprites/master/sprites/pokemon/752.png,75.67
753,Fomantis,7,Grass,,40,55,35,50,35,35,False,https://raw.githubusercontent.com/PokeAPI/sprites/master/sprites/pokemon/753.png,41.67
754,Lurantis,7,Grass,,70,105,90,80,90,45,False,https://raw.githubusercontent.com/PokeAPI/sprites/master/sprites/pokemon/754.png,80.0
755,Morelull,7,Grass,Fairy,40,35,55,65,75,15,False,https://raw.githubusercontent.com/PokeAPI/sprites/master/sprites/pokemon/755.png,47.5
756,Shiinotic,7,Grass,Fairy,60,45,80,90,100,30,False,https://raw.githubusercontent.com/PokeAPI/sprites/master/sprites/pokemon/756.png,67.5
757,Salandit,7,Poison,Fire,48,44,40,71,40,77,False,https://raw.githubusercontent.com/PokeAPI/sprites/master/sprites/pokemon/757.png,53.33
758,Salazzle,7,Poison,Fire,68,64,60,111,60,117,False,https://raw.githubusercontent.com/PokeAPI/sprites/master/sprites/pokemon/758.png,80.0
759,Stufful,7,Normal,Fighting,70,75,50,45,50,50,False,https://raw.githubusercontent.com/PokeAPI/sprites/master/sprites/pokemon/759.png,56.67
760,Bewear,7,Normal,Fighting,120,125,80,55,60,60,False,https://raw.githubusercontent.com/PokeAPI/sprites/master/sprites/pokemon/760.png,83.33
761,Bounsweet,7,Grass,,42,30,38,30,38,32,False,https://raw.githubusercontent.com/PokeAPI/sprites/master/sprites/pokemon/761.png,35.0
762,Steenee,7,Grass,,52,40,48,40,48,62,False,https://raw.githubusercontent.com/PokeAPI/sprites/master/sprites/pokemon/762.png,48.33
763,Tsareena,7,Grass,,72,120,98,50,98,72,False,https://raw.githubusercontent.com/PokeAPI/sprites/master/sprites/pokemon/763.png,85.0
764,Comfey,7,Fairy,,51,52,90,82,110,100,False,https://raw.githubusercontent.com/PokeAPI/sprites/master/sprites/pokemon/764.png,80.83
765,Oranguru,7,Normal,Psychic,90,60,80,90,110,60,False,https://raw.githubusercontent.com/PokeAPI/sprites/master/sprites/pokemon/765.png,81.67
766,Passimian,7,Fighting,,100,120,90,40,60,80,False,https://raw.githubusercontent.com/PokeAPI/sprites/master/sprites/pokemon/766.png,81.67
767,Wimpod,7,Bug,Water,25,35,40,20,30,80,False,https://raw.githubusercontent.com/PokeAPI/sprites/master/sprites/pokemon/767.png,38.33
768,Golisopod,7,Bug,Water,75,125,140,60,90,40,False,https://raw.githubusercontent.com/PokeAPI/sprites/master/sprites/pokemon/768.png,88.33
769,Sandygast,7,Ghost,Ground,55,55,80,70,45,15,False,https://raw.githubusercontent.com/PokeAPI/sprites/master/sprites/pokemon/769.png,53.33
770,Palossand,7,Ghost,Ground,85,75,110,100,75,35,False,https://raw.githubusercontent.com/PokeAPI/sprites/master/sprites/pokemon/770.png,80.0
771,Pyukumuku,7,Water,,55,60,130,30,130,5,False,https://raw.githubusercontent.com/PokeAPI/sprites/master/sprites/pokemon/771.png,68.33
772,Type Null,7,Normal,,95,95,95,95,95,59,True,https://raw.githubusercontent.com/PokeAPI/sprites/master/sprites/pokemon/772.png,89.0
773,Silvally,7,Normal,,95,95,95,95,95,95,True,https://raw.githubusercontent.com/PokeAPI/sprites/master/sprites/pokemon/773.png,95.0
775,Komala,7,Normal,,65,115,65,75,95,65,False,https://raw.githubusercontent.com/PokeAPI/sprites/master/sprites/pokemon/775.png,80.0
776,Turtonator,7,Fire,Dragon,60,78,135,91,85,36,False,https://raw.githubusercontent.com/PokeAPI/sprites/master/sprites/pokemon/776.png,80.83
777,Togedemaru,7,Electric,Steel,65,98,63,40,73,96,False,https://raw.githubusercontent.com/PokeAPI/sprites/master/sprites/pokemon/777.png,72.5
779,Bruxish,7,Water,Psychic,68,105,70,70,70,92,False,https://raw.githubusercontent.com/PokeAPI/sprites/master/sprites/pokemon/779.png,79.17
780,Drampa,7,Normal,Dragon,78,60,85,135,91,36,False,https://raw.githubusercontent.com/PokeAPI/sprites/master/sprites/pokemon/780.png,80.83
781,Dhelmise,7,Ghost,Grass,70,131,100,86,90,40,False,https://raw.githubusercontent.com/PokeAPI/sprites/master/sprites/pokemon/781.png,86.17
782,Jangmo O,7,Dragon,,45,55,65,45,45,45,False,https://raw.githubusercontent.com/PokeAPI/sprites/master/sprites/pokemon/782.png,50.0
783,Hakamo O,7,Dragon,Fighting,55,75,90,65,70,65,False,https://raw.githubusercontent.com/PokeAPI/sprites/master/sprites/pokemon/783.png,70.0
784,Kommo O,7,Dragon,Fighting,75,110,125,100,105,85,False,https://raw.githubusercontent.com/PokeAPI/sprites/master/sprites/pokemon/784.png,100.0
785,Tapu Koko,7,Electric,Fairy,70,115,85,95,75,130,True,https://raw.githubusercontent.com/PokeAPI/sprites/master/sprites/pokemon/785.png,95.0
786,Tapu Lele,7,Psychic,Fairy,70,85,75,130,115,95,True,https://raw.githubusercontent.com/PokeAPI/sprites/master/sprites/pokemon/786.png,95.0
787,Tapu Bulu,7,Grass,Fairy,70,130,115,85,95,75,True,https://raw.githubusercontent.com/PokeAPI/sprites/master/sprites/pokemon/787.png,95.0
788,Tapu Fini,7,Water,Fairy,70,75,115,95,130,85,True,https://raw.githubusercontent.com/PokeAPI/sprites/master/sprites/pokemon/788.png,95.0
789,Cosmog,7,Psychic,,43,29,31,29,31,37,True,https://raw.githubusercontent.com/PokeAPI/sprites/master/sprites/pokemon/789.png,33.33
790,Cosmoem,7,Psychic,,43,29,131,29,131,37,True,https://raw.githubusercontent.com/PokeAPI/sprites/master/sprites/pokemon/790.png,66.67
791,Solgaleo,7,Psychic,Steel,137,137,107,113,89,97,True,https://raw.githubusercontent.com/PokeAPI/sprites/master/sprites/pokemon/791.png,113.33
792,Lunala,7,Psychic,Ghost,137,113,89,137,107,97,True,https://raw.githubusercontent.com/PokeAPI/sprites/master/sprites/pokemon/792.png,113.33
793,Nihilego,7,Rock,Poison,109,53,47,127,131,103,False,https://raw.githubusercontent.com/PokeAPI/sprites/master/sprites/pokemon/793.png,95.0
794,Buzzwole,7,Bug,Fighting,107,139,139,53,53,79,False,https://raw.githubusercontent.com/PokeAPI/sprites/master/sprites/pokemon/794.png,95.0
795,Pheromosa,7,Bug,Fighting,71,137,37,137,37,151,False,https://raw.githubusercontent.com/PokeAPI/sprites/master/sprites/pokemon/795.png,95.0
796,Xurkitree,7,Electric,,83,89,71,173,71,83,False,https://raw.githubusercontent.com/PokeAPI/sprites/master/sprites/pokemon/796.png,95.0
797,Celesteela,7,Steel,Flying,97,101,103,107,101,61,False,https://raw.githubusercontent.com/PokeAPI/sprites/master/sprites/pokemon/797.png,95.0
798,Kartana,7,Grass,Steel,59,181,131,59,31,109,False,https://raw.githubusercontent.com/PokeAPI/sprites/master/sprites/pokemon/798.png,95.0
799,Guzzlord,7,Dark,Dragon,223,101,53,97,53,43,False,https://raw.githubusercontent.com/PokeAPI/sprites/master/sprites/pokemon/799.png,95.0
800,Necrozma,7,Psychic,,97,107,101,127,89,79,True,https://raw.githubusercontent.com/PokeAPI/sprites/master/sprites/pokemon/800.png,100.0
801,Magearna,7,Steel,Fairy,80,95,115,130,115,65,True,https://raw.githubusercontent.com/PokeAPI/sprites/master/sprites/pokemon/801.png,100.0
802,Marshadow,7,Fighting,Ghost,90,125,80,90,90,125,True,https://raw.githubusercontent.com/PokeAPI/sprites/master/sprites/pokemon/802.png,100.0
803,Poipole,7,Poison,,67,73,67,73,67,73,False,https://raw.githubusercontent.com/PokeAPI/sprites/master/sprites/pokemon/803.png,70.0
804,Naganadel,7,Poison,Dragon,73,73,73,127,73,121,False,https://raw.githubusercontent.com/PokeAPI/sprites/master/sprites/pokemon/804.png,90.0
805,Stakataka,7,Rock,Steel,61,131,211,53,101,13,False,https://raw.githubusercontent.com/PokeAPI/sprites/master/sprites/pokemon/805.png,95.0
806,Blacephalon,7,Fire,Ghost,53,127,53,151,79,107,False,https://raw.githubusercontent.com/PokeAPI/sprites/master/sprites/pokemon/806.png,95.0
807,Zeraora,7,Electric,,88,112,75,102,80,143,True,https://raw.githubusercontent.com/PokeAPI/sprites/master/sprites/pokemon/807.png,100.0
808,Meltan,7,Steel,,46,65,65,55,35,34,True,https://raw.githubusercontent.com/PokeAPI/sprites/master/sprites/pokemon/808.png,50.0
809,Melmetal,7,Steel,,135,143,143,80,65,34,True,https://raw.githubusercontent.com/PokeAPI/sprites/master/sprites/pokemon/809.png,100.0
810,Grookey,8,Grass,,50,65,50,40,40,65,False,https://raw.githubusercontent.com/PokeAPI/sprites/master/sprites/pokemon/810.png,51.67
811,Thwackey,8,Grass,,70,85,70,55,60,80,False,https://raw.githubusercontent.com/PokeAPI/sprites/master/sprites/pokemon/811.png,70.0
812,Rillaboom,8,Grass,,100,125,90,60,70,85,False,https://raw.githubusercontent.com/PokeAPI/sprites/master/sprites/pokemon/812.png,88.33
813,Scorbunny,8,Fire,,50,71,40,40,40,69,False,https://raw.githubusercontent.com/PokeAPI/sprites/master/sprites/pokemon/813.png,51.67
814,Raboot,8,Fire,,65,86,60,55,60,94,False,https://raw.githubusercontent.com/PokeAPI/sprites/master/sprites/pokemon/814.png,70.0
815,Cinderace,8,Fire,,80,116,75,65,75,119,False,https://raw.githubusercontent.com/PokeAPI/sprites/master/sprites/pokemon/815.png,88.33
816,Sobble,8,Water,,50,40,40,70,40,70,False,https://raw.githubusercontent.com/PokeAPI/sprites/master/sprites/pokemon/816.png,51.67
817,Drizzile,8,Water,,65,60,55,95,55,90,False,https://raw.githubusercontent.com/PokeAPI/sprites/master/sprites/pokemon/817.png,70.0
818,Inteleon,8,Water,,70,85,65,125,65,120,False,https://raw.githubusercontent.com/PokeAPI/sprites/master/sprites/pokemon/818.png,88.33
819,Skwovet,8,Normal,,70,55,55,35,35,25,False,https://raw.githubusercontent.com/PokeAPI/sprites/master/sprites/pokemon/819.png,45.83
820,Greedent,8,Normal,,120,95,95,55,75,20,False,https://raw.githubusercontent.com/PokeAPI/sprites/master/sprites/pokemon/820.png,76.67
821,Rookidee,8,Flying,,38,47,35,33,35,57,False,https://raw.githubusercontent.com/PokeAPI/sprites/master/sprites/pokemon/821.png,40.83
822,Corvisquire,8,Flying,,68,67,55,43,55,77,False,https://raw.githubusercontent.com/PokeAPI/sprites/master/sprites/pokemon/822.png,60.83
823,Corviknight,8,Flying,Steel,98,87,105,53,85,67,False,https://raw.githubusercontent.com/PokeAPI/sprites/master/sprites/pokemon/823.png,82.5
824,Blipbug,8,Bug,,25,20,20,25,45,45,False,https://raw.githubusercontent.com/PokeAPI/sprites/master/sprites/pokemon/824.png,30.0
825,Dottler,8,Bug,Psychic,50,35,80,50,90,30,False,https://raw.githubusercontent.com/PokeAPI/sprites/master/sprites/pokemon/825.png,55.83
826,Orbeetle,8,Bug,Psychic,60,45,110,80,120,90,False,https://raw.githubusercontent.com/PokeAPI/sprites/master/sprites/pokemon/826.png,84.17
827,Nickit,8,Dark,,40,28,28,47,52,50,False,https://raw.githubusercontent.com/PokeAPI/sprites/master/sprites/pokemon/827.png,40.83
828,Thievul,8,Dark,,70,58,58,87,92,90,False,https://raw.githubusercontent.com/PokeAPI/sprites/master/sprites/pokemon/828.png,75.83
829,Gossifleur,8,Grass,,40,40,60,40,60,10,False,https://raw.githubusercontent.com/PokeAPI/sprites/master/sprites/pokemon/829.png,41.67
830,Eldegoss,8,Grass,,60,50,90,80,120,60,False,https://raw.githubusercontent.com/PokeAPI/sprites/master/sprites/pokemon/830.png,76.67
831,Wooloo,8,Normal,,42,40,55,40,45,48,False,https://raw.githubusercontent.com/PokeAPI/sprites/master/sprites/pokemon/831.png,45.0
832,Dubwool,8,Normal,,72,80,100,60,90,88,False,https://raw.githubusercontent.com/PokeAPI/sprites/master/sprites/pokemon/832.png,81.67
833,Chewtle,8,Water,,50,64,50,38,38,44,False,https://raw.githubusercontent.com/PokeAPI/sprites/master/sprites/pokemon/833.png,47.33
834,Drednaw,8,Water,Rock,90,115,90,48,68,74,False,https://raw.githubusercontent.com/PokeAPI/sprites/master/sprites/pokemon/834.png,80.83
835,Yamper,8,Electric,,59,45,50,40,50,26,False,https://raw.githubusercontent.com/PokeAPI/sprites/master/sprites/pokemon/835.png,45.0
836,Boltund,8,Electric,,69,90,60,90,60,121,False,https://raw.githubusercontent.com/PokeAPI/sprites/master/sprites/pokemon/836.png,81.67
837,Rolycoly,8,Rock,,30,40,50,40,50,30,False,https://raw.githubusercontent.com/PokeAPI/sprites/master/sprites/pokemon/837.png,40.0
838,Carkol,8,Rock,Fire,80,60,90,60,70,50,False,https://raw.githubusercontent.com/PokeAPI/sprites/master/sprites/pokemon/838.png,68.33
839,Coalossal,8,Rock,Fire,110,80,120,80,90,30,False,https://raw.githubusercontent.com/PokeAPI/sprites/master/sprites/pokemon/839.png,85.0
840,Applin,8,Grass,Dragon,40,40,80,40,40,20,False,https://raw.githubusercontent.com/PokeAPI/sprites/master/sprites/pokemon/840.png,43.33
841,Flapple,8,Grass,Dragon,70,110,80,95,60,70,False,https://raw.githubusercontent.com/PokeAPI/sprites/master/sprites/pokemon/841.png,80.83
842,Appletun,8,Grass,Dragon,110,85,80,100,80,30,False,https://raw.githubusercontent.com/PokeAPI/sprites/master/sprites/pokemon/842.png,80.83
843,Silicobra,8,Ground,,52,57,75,35,50,46,False,https://raw.githubusercontent.com/PokeAPI/sprites/master/sprites/pokemon/843.png,52.5
844,Sandaconda,8,Ground,,72,107,125,65,70,71,False,https://raw.githubusercontent.com/PokeAPI/sprites/master/sprites/pokemon/844.png,85.0
845,Cramorant,8,Flying,Water,70,85,55,85,95,85,False,https://raw.githubusercontent.com/PokeAPI/sprites/master/sprites/pokemon/845.png,79.17
846,Arrokuda,8,Water,,41,63,40,40,30,66,False,https://raw.githubusercontent.com/PokeAPI/sprites/master/sprites/pokemon/846.png,46.67
847,Barraskewda,8,Water,,61,123,60,60,50,136,False,https://raw.githubusercontent.com/PokeAPI/sprites/master/sprites/pokemon/847.png,81.67
848,Toxel,8,Electric,Poison,40,38,35,54,35,40,False,https://raw.githubusercontent.com/PokeAPI/sprites/master/sprites/pokemon/848.png,40.33
850,Sizzlipede,8,Fire,Bug,50,65,45,50,50,45,False,https://raw.githubusercontent.com/PokeAPI/sprites/master/sprites/pokemon/850.png,50.83
851,Centiskorch,8,Fire,Bug,100,115,65,90,90,65,False,https://raw.githubusercontent.com/PokeAPI/sprites/master/sprites/pokemon/851.png,87.5
852,Clobbopus,8,Fighting,,50,68,60,50,50,32,False,https://raw.githubusercontent.com/PokeAPI/sprites/master/sprites/pokemon/852.png,51.67
853,Grapploct,8,Fighting,,80,118,90,70,80,42,False,https://raw.githubusercontent.com/PokeAPI/sprites/master/sprites/pokemon/853.png,80.0
854,Sinistea,8,Ghost,,40,45,45,74,54,50,False,https://raw.githubusercontent.com/PokeAPI/sprites/master/sprites/pokemon/854.png,51.33
855,Polteageist,8,Ghost,,60,65,65,134,114,70,False,https://raw.githubusercontent.com/PokeAPI/sprites/master/sprites/pokemon/855.png,84.67
856,Hatenna,8,Psychic,,42,30,45,56,53,39,False,https://raw.githubusercontent.com/PokeAPI/sprites/master/sprites/pokemon/856.png,44.17
857,Hattrem,8,Psychic,,57,40,65,86,73,49,False,https://raw.githubusercontent.com/PokeAPI/sprites/master/sprites/pokemon/857.png,61.67
858,Hatterene,8,Psychic,Fairy,57,90,95,136,103,29,False,https://raw.githubusercontent.com/PokeAPI/sprites/master/sprites/pokemon/858.png,85.0
859,Impidimp,8,Dark,Fairy,45,45,30,55,40,50,False,https://raw.githubusercontent.com/PokeAPI/sprites/master/sprites/pokemon/859.png,44.17
860,Morgrem,8,Dark,Fairy,65,60,45,75,55,70,False,https://raw.githubusercontent.com/PokeAPI/sprites/master/sprites/pokemon/860.png,61.67
861,Grimmsnarl,8,Dark,Fairy,95,120,65,95,75,60,False,https://raw.githubusercontent.com/PokeAPI/sprites/master/sprites/pokemon/861.png,85.0
862,Obstagoon,8,Dark,Normal,93,90,101,60,81,95,False,https://raw.githubusercontent.com/PokeAPI/sprites/master/sprites/pokemon/862.png,86.67
863,Perrserker,8,Steel,,70,110,100,50,60,50,False,https://raw.githubusercontent.com/PokeAPI/sprites/master/sprites/pokemon/863.png,73.33
864,Cursola,8,Ghost,,60,95,50,145,130,30,False,https://raw.githubusercontent.com/PokeAPI/sprites/master/sprites/pokemon/864.png,85.0
865,Sirfetchd,8,Fighting,,62,135,95,68,82,65,False,https://raw.githubusercontent.com/PokeAPI/sprites/master/sprites/pokemon/865.png,84.5
866,Mr Rime,8,Ice,Psychic,80,85,75,110,100,70,False,https://raw.githubusercontent.com/PokeAPI/sprites/master/sprites/pokemon/866.png,86.67
867,Runerigus,8,Ground,Ghost,58,95,145,50,105,30,False,https://raw.githubusercontent.com/PokeAPI/sprites/master/sprites/pokemon/867.png,80.5
868,Milcery,8,Fairy,,45,40,40,50,61,34,False,https://raw.githubusercontent.com/PokeAPI/sprites/master/sprites/pokemon/868.png,45.0
869,Alcremie,8,Fairy,,65,60,75,110,121,64,False,https://raw.githubusercontent.com/PokeAPI/sprites/master/sprites/pokemon/869.png,82.5
870,Falinks,8,Fighting,,65,100,100,70,60,75,False,https://raw.githubusercontent.com/PokeAPI/sprites/master/sprites/pokemon/870.png,78.33
871,Pincurchin,8,Electric,,48,101,95,91,85,15,False,https://raw.githubusercontent.com/PokeAPI/sprites/master/sprites/pokemon/871.png,72.5
872,Snom,8,Ice,Bug,30,25,35,45,30,20,False,https://raw.githubusercontent.com/PokeAPI/sprites/master/sprites/pokemon/872.png,30.83
873,Frosmoth,8,Ice,Bug,70,65,60,125,90,65,False,https://raw.githubusercontent.com/PokeAPI/sprites/master/sprites/pokemon/873.png,79.17
874,Stonjourner,8,Rock,,100,125,135,20,20,70,False,https://raw.githubusercontent.com/PokeAPI/sprites/master/sprites/pokemon/874.png,78.33
878,Cufant,8,Steel,,72,80,49,40,49,40,False,https://raw.githubusercontent.com/PokeAPI/sprites/master/sprites/pokemon/878.png,55.0
879,Copperajah,8,Steel,,122,130,69,80,69,30,False,https://raw.githubusercontent.com/PokeAPI/sprites/master/sprites/pokemon/879.png,83.33
880,Dracozolt,8,Electric,Dragon,90,100,90,80,70,75,False,https://raw.githubusercontent.com/PokeAPI/sprites/master/sprites/pokemon/880.png,84.17
881,Arctozolt,8,Electric,Ice,90,100,90,90,80,55,False,https://raw.githubusercontent.com/PokeAPI/sprites/master/sprites/pokemon/881.png,84.17
882,Dracovish,8,Water,Dragon,90,90,100,70,80,75,False,https://raw.githubusercontent.com/PokeAPI/sprites/master/sprites/pokemon/882.png,84.17
883,Arctovish,8,Water,Ice,90,90,100,80,90,55,False,https://raw.githubusercontent.com/PokeAPI/sprites/master/sprites/pokemon/883.png,84.17
884,Duraludon,8,Steel,Dragon,70,95,115,120,50,85,False,https://raw.githubusercontent.com/PokeAPI/sprites/master/sprites/pokemon/884.png,89.17
885,Dreepy,8,Dragon,Ghost,28,60,30,40,30,82,False,https://raw.githubusercontent.com/PokeAPI/sprites/master/sprites/pokemon/885.png,45.0
886,Drakloak,8,Dragon,Ghost,68,80,50,60,50,102,False,https://raw.githubusercontent.com/PokeAPI/sprites/master/sprites/pokemon/886.png,68.33
887,Dragapult,8,Dragon,Ghost,88,120,75,100,75,142,False,https://raw.githubusercontent.com/PokeAPI/sprites/master/sprites/pokemon/887.png,100.0
888,Zacian,8,Fairy,,92,120,115,80,115,138,True,https://raw.githubusercontent.com/PokeAPI/sprites/master/sprites/pokemon/888.png,110.0
889,Zamazenta,8,Fighting,,92,120,115,80,115,138,True,https://raw.githubusercontent.com/PokeAPI/sprites/master/sprites/pokemon/889.png,110.0
890,Eternatus,8,Poison,Dragon,140,85,95,145,95,130,True,https://raw.githubusercontent.com/PokeAPI/sprites/master/sprites/pokemon/890.png,115.0
891,Kubfu,8,Fighting,,60,90,60,53,50,72,True,https://raw.githubusercontent.com/PokeAPI/sprites/master/sprites/pokemon/891.png,64.17
893,Zarude,8,Dark,Grass,105,120,105,70,95,105,True,https://raw.githubusercontent.com/PokeAPI/sprites/master/sprites/pokemon/893.png,100.0
894,Regieleki,8,Electric,,80,100,50,100,50,200,True,https://raw.githubusercontent.com/PokeAPI/sprites/master/sprites/pokemon/894.png,96.67
895,Regidrago,8,Dragon,,200,100,50,100,50,80,True,https://raw.githubusercontent.com/PokeAPI/sprites/master/sprites/pokemon/895.png,96.67
896,Glastrier,8,Ice,,100,145,130,65,110,30,True,https://raw.githubusercontent.com/PokeAPI/sprites/master/sprites/pokemon/896.png,96.67
897,Spectrier,8,Ghost,,100,65,60,145,80,130,True,https://raw.githubusercontent.com/PokeAPI/sprites/master/sprites/pokemon/897.png,96.67
898,Calyrex,8,Psychic,Grass,100,80,80,80,80,80,True,https://raw.githubusercontent.com/PokeAPI/sprites/master/sprites/pokemon/898.png,83.33
899,Wyrdeer,8,Normal,Psychic,103,105,72,105,75,65,False,https://raw.githubusercontent.com/PokeAPI/sprites/master/sprites/pokemon/899.png,87.5
900,Kleavor,8,Bug,Rock,70,135,95,45,70,85,False,https://raw.githubusercontent.com/PokeAPI/sprites/master/sprites/pokemon/900.png,83.33
901,Ursaluna,8,Ground,Normal,130,140,105,45,80,50,False,https://raw.githubusercontent.com/PokeAPI/sprites/master/sprites/pokemon/901.png,91.67
903,Sneasler,8,Fighting,Poison,80,130,60,40,80,120,False,https://raw.githubusercontent.com/PokeAPI/sprites/master/sprites/pokemon/903.png,85.0
904,Overqwil,8,Dark,Poison,85,115,95,65,65,85,False,https://raw.githubusercontent.com/PokeAPI/sprites/master/sprites/pokemon/904.png,85.0
906,Sprigatito,9,Grass,,40,61,54,45,45,65,False,https://raw.githubusercontent.com/PokeAPI/sprites/master/sprites/pokemon/906.png,51.67
907,Floragato,9,Grass,,61,80,63,60,63,83,False,https://raw.githubusercontent.com/PokeAPI/sprites/master/sprites/pokemon/907.png,68.33
908,Meowscarada,9,Grass,Dark,76,110,70,81,70,123,False,https://raw.githubusercontent.com/PokeAPI/sprites/master/sprites/pokemon/908.png,88.33
909,Fuecoco,9,Fire,,67,45,59,63,40,36,False,https://raw.githubusercontent.com/PokeAPI/sprites/master/sprites/pokemon/909.png,51.67
910,Crocalor,9,Fire,,81,55,78,90,58,49,False,https://raw.githubusercontent.com/PokeAPI/sprites/master/sprites/pokemon/910.png,68.5
911,Skeledirge,9,Fire,Ghost,104,75,100,110,75,66,False,https://raw.githubusercontent.com/PokeAPI/sprites/master/sprites/pokemon/911.png,88.33
912,Quaxly,9,Water,,55,65,45,50,45,50,False,https://raw.githubusercontent.com/PokeAPI/sprites/master/sprites/pokemon/912.png,51.67
913,Quaxwell,9,Water,,70,85,65,65,60,65,False,https://raw.githubusercontent.com/PokeAPI/sprites/master/sprites/pokemon/913.png,68.33
914,Quaquaval,9,Water,Fighting,85,120,80,85,75,85,False,https://raw.githubusercontent.com/PokeAPI/sprites/master/sprites/pokemon/914.png,88.33
915,Lechonk,9,Normal,,54,45,40,35,45,35,False,https://raw.githubusercontent.com/PokeAPI/sprites/master/sprites/pokemon/915.png,42.33
917,Tarountula,9,Bug,,35,41,45,29,40,20,False,https://raw.githubusercontent.com/PokeAPI/sprites/master/sprites/pokemon/917.png,35.0
918,Spidops,9,Bug,,60,79,92,52,86,35,False,https://raw.githubusercontent.com/PokeAPI/sprites/master/sprites/pokemon/918.png,67.33
919,Nymble,9,Bug,,33,46,40,21,25,45,False,https://raw.githubusercontent.com/PokeAPI/sprites/master/sprites/pokemon/919.png,35.0
920,Lokix,9,Bug,Dark,71,102,78,52,55,92,False,https://raw.githubusercontent.com/PokeAPI/sprites/master/sprites/pokemon/920.png,75.0
921,Pawmi,9,Electric,,45,50,20,40,25,60,False,https://raw.githubusercontent.com/PokeAPI/sprites/master/sprites/pokemon/921.png,40.0
922,Pawmo,9,Electric,Fighting,60,75,40,50,40,85,False,https://raw.githubusercontent.com/PokeAPI/sprites/master/sprites/pokemon/922.png,58.33
923,Pawmot,9,Electric,Fighting,70,115,70,70,60,105,False,https://raw.githubusercontent.com/PokeAPI/sprites/master/sprites/pokemon/923.png,81.67
924,Tandemaus,9,Normal,,50,50,45,40,45,75,False,https://raw.githubusercontent.com/PokeAPI/sprites/master/sprites/pokemon/924.png,50.83
926,Fidough,9,Fairy,,37,55,70,30,55,65,False,https://raw.githubusercontent.com/PokeAPI/sprites/master/sprites/pokemon/926.png,52.0
927,Dachsbun,9,Fairy,,57,80,115,50,80,95,False,https://raw.githubusercontent.com/PokeAPI/sprites/master/sprites/pokemon/927.png,79.5
928,Smoliv,9,Grass,Normal,41,35,45,58,51,30,False,https://raw.githubusercontent.com/PokeAPI/sprites/master/sprites/pokemon/928.png,43.33
929,Dolliv,9,Grass,Normal,52,53,60,78,78,33,False,https://raw.githubusercontent.com/PokeAPI/sprites/master/sprites/pokemon/929.png,59.0
930,Arboliva,9,Grass,Normal,78,69,90,125,109,39,False,https://raw.githubusercontent.com/PokeAPI/sprites/master/sprites/pokemon/930.png,85.0
932,Nacli,9,Rock,,55,55,75,35,35,25,False,https://raw.githubusercontent.com/PokeAPI/sprites/master/sprites/pokemon/932.png,46.67
933,Naclstack,9,Rock,,60,60,100,35,65,35,False,https://raw.githubusercontent.com/PokeAPI/sprites/master/sprites/pokemon/933.png,59.17
934,Garganacl,9,Rock,,100,100,130,45,90,35,False,https://raw.githubusercontent.com/PokeAPI/sprites/master/sprites/pokemon/934.png,83.33
935,Charcadet,9,Fire,,40,50,40,50,40,35,False,https://raw.githubusercontent.com/PokeAPI/sprites/master/sprites/pokemon/935.png,42.5
936,Armarouge,9,Fire,Psychic,85,60,100,125,80,75,False,https://raw.githubusercontent.com/PokeAPI/sprites/master/sprites/pokemon/936.png,87.5
937,Ceruledge,9,Fire,Ghost,75,125,80,60,100,85,False,https://raw.githubusercontent.com/PokeAPI/sprites/master/sprites/pokemon/937.png,87.5
938,Tadbulb,9,Electric,,61,31,41,59,35,45,False,https://raw.githubusercontent.com/PokeAPI/sprites/master/sprites/pokemon/938.png,45.33
939,Bellibolt,9,Electric,,109,64,91,103,83,45,False,https://raw.githubusercontent.com/PokeAPI/sprites/master/sprites/pokemon/939.png,82.5
940,Wattrel,9,Electric,Flying,40,40,35,55,40,70,False,https://raw.githubusercontent.com/PokeAPI/sprites/master/sprites/pokemon/940.png,46.67
941,Kilowattrel,9,Electric,Flying,70,70,60,105,60,125,False,https://raw.githubusercontent.com/PokeAPI/sprites/master/sprites/pokemon/941.png,81.67
942,Maschiff,9,Dark,,60,78,60,40,51,51,False,https://raw.githubusercontent.com/PokeAPI/sprites/master/sprites/pokemon/942.png,56.67
943,Mabosstiff,9,Dark,,80,120,90,60,70,85,False,https://raw.githubusercontent.com/PokeAPI/sprites/master/sprites/pokemon/943.png,84.17
944,Shroodle,9,Poison,Normal,40,65,35,40,35,75,False,https://raw.githubusercontent.com/PokeAPI/sprites/master/sprites/pokemon/944.png,48.33
945,Grafaiai,9,Poison,Normal,63,95,65,80,72,110,False,https://raw.githubusercontent.com/PokeAPI/sprites/master/sprites/pokemon/945.png,80.83
946,Bramblin,9,Grass,Ghost,40,65,30,45,35,60,False,https://raw.githubusercontent.com/PokeAPI/sprites/master/sprites/pokemon/946.png,45.83
947,Brambleghast,9,Grass,Ghost,55,115,70,80,70,90,False,https://raw.githubusercontent.com/PokeAPI/sprites/master/sprites/pokemon/947.png,80.0
948,Toedscool,9,Ground,Grass,40,40,35,50,100,70,False,https://raw.githubusercontent.com/PokeAPI/sprites/master/sprites/pokemon/948.png,55.83
949,Toedscruel,9,Ground,Grass,80,70,65,80,120,100,False,https://raw.githubusercontent.com/PokeAPI/sprites/master/sprites/pokemon/949.png,85.83
950,Klawf,9,Rock,,70,100,115,35,55,75,False,https://raw.githubusercontent.com/PokeAPI/sprites/master/sprites/pokemon/950.png,75.0
951,Capsakid,9,Grass,,50,62,40,62,40,50,False,https://raw.githubusercontent.com/PokeAPI/sprites/master/sprites/pokemon/951.png,50.67
952,Scovillain,9,Grass,Fire,65,108,65,108,65,75,False,https://raw.githubusercontent.com/PokeAPI/sprites/master/sprites/pokemon/952.png,81.0
953,Rellor,9,Bug,,41,50,60,31,58,30,False,https://raw.githubusercontent.com/PokeAPI/sprites/master/sprites/pokemon/953.png,45.0
954,Rabsca,9,Bug,Psychic,75,50,85,115,100,45,False,https://raw.githubusercontent.com/PokeAPI/sprites/master/sprites/pokemon/954.png,78.33
955,Flittle,9,Psychic,,30,35,30,55,30,75,False,https://raw.githubusercontent.com/PokeAPI/sprites/master/sprites/pokemon/955.png,42.5
956,Espathra,9,Psychic,,95,60,60,101,60,105,False,https://raw.githubusercontent.com/PokeAPI/sprites/master/sprites/pokemon/956.png,80.17
957,Tinkatink,9,Fairy,Steel,50,45,45,35,64,58,False,https://raw.githubusercontent.com/PokeAPI/sprites/master/sprites/pokemon/957.png,49.5
958,Tinkatuff,9,Fairy,Steel,65,55,55,45,82,78,False,https://raw.githubusercontent.com/PokeAPI/sprites/master/sprites/pokemon/958.png,63.33
959,Tinkaton,9,Fairy,Steel,85,75,77,70,105,94,False,https://raw.githubusercontent.com/PokeAPI/sprites/master/sprites/pokemon/959.png,84.33
960,Wiglett,9,Water,,10,55,25,35,25,95,False,https://raw.githubusercontent.com/PokeAPI/sprites/master/sprites/pokemon/960.png,40.83
961,Wugtrio,9,Water,,35,100,50,50,70,120,False,https://raw.githubusercontent.com/PokeAPI/sprites/master/sprites/pokemon/961.png,70.83
962,Bombirdier,9,Flying,Dark,70,103,85,60,85,82,False,https://raw.githubusercontent.com/PokeAPI/sprites/master/sprites/pokemon/962.png,80.83
963,Finizen,9,Water,,70,45,40,45,40,75,False,https://raw.githubusercontent.com/PokeAPI/sprites/master/sprites/pokemon/963.png,52.5
965,Varoom,9,Steel,Poison,45,70,63,30,45,47,False,https://raw.githubusercontent.com/PokeAPI/sprites/master/sprites/pokemon/965.png,50.0
966,Revavroom,9,Steel,Poison,80,119,90,54,67,90,False,https://raw.githubusercontent.com/PokeAPI/sprites/master/sprites/pokemon/966.png,83.33
967,Cyclizar,9,Dragon,Normal,70,95,65,85,65,121,False,https://raw.githubusercontent.com/PokeAPI/sprites/master/sprites/pokemon/967.png,83.5
968,Orthworm,9,Steel,,70,85,145,60,55,65,False,https://raw.githubusercontent.com/PokeAPI/sprites/master/sprites/pokemon/968.png,80.0
969,Glimmet,9,Rock,Poison,48,35,42,105,60,60,False,https://raw.githubusercontent.com/PokeAPI/sprites/master/sprites/pokemon/969.png,58.33
970,Glimmora,9,Rock,Poison,83,55,90,130,81,86,False,https://raw.githubusercontent.com/PokeAPI/sprites/master/sprites/pokemon/970.png,87.5
971,Greavard,9,Ghost,,50,61,60,30,55,34,False,https://raw.githubusercontent.com/PokeAPI/sprites/master/sprites/pokemon/971.png,48.33
972,Houndstone,9,Ghost,,72,101,100,50,97,68,False,https://raw.githubusercontent.com/PokeAPI/sprites/master/sprites/pokemon/972.png,81.33
973,Flamigo,9,Flying,Fighting,82,115,74,75,64,90,False,https://raw.githubusercontent.com/PokeAPI/sprites/master/sprites/pokemon/973.png,83.33
974,Cetoddle,9,Ice,,108,68,45,30,40,43,False,https://raw.githubusercontent.com/PokeAPI/sprites/master/sprites/pokemon/974.png,55.67
975,Cetitan,9,Ice,,170,113,65,45,55,73,False,https://raw.githubusercontent.com/PokeAPI/sprites/master/sprites/pokemon/975.png,86.83
976,Veluza,9,Water,Psychic,90,102,73,78,65,70,False,https://raw.githubusercontent.com/PokeAPI/sprites/master/sprites/pokemon/976.png,79.67
977,Dondozo,9,Water,,150,100,115,65,65,35,False,https://raw.githubusercontent.com/PokeAPI/sprites/master/sprites/pokemon/977.png,88.33
979,Annihilape,9,Fighting,Ghost,110,115,80,50,90,90,False,https://raw.githubusercontent.com/PokeAPI/sprites/master/sprites/pokemon/979.png,89.17
980,Clodsire,9,Poison,Ground,130,75,60,45,100,20,False,https://raw.githubusercontent.com/PokeAPI/sprites/master/sprites/pokemon/980.png,71.67
981,Farigiraf,9,Normal,Psychic,120,90,70,110,70,60,False,https://raw.githubusercontent.com/PokeAPI/sprites/master/sprites/pokemon/981.png,86.67
983,Kingambit,9,Dark,Steel,100,135,120,60,85,50,False,https://raw.githubusercontent.com/PokeAPI/sprites/master/sprites/pokemon/983.png,91.67
984,Great Tusk,9,Ground,Fighting,115,131,131,53,53,87,False,https://raw.githubusercontent.com/PokeAPI/sprites/master/sprites/pokemon/984.png,95.0
985,Scream Tail,9,Fairy,Psychic,115,65,99,65,115,111,False,https://raw.githubusercontent.com/PokeAPI/sprites/master/sprites/pokemon/985.png,95.0
986,Brute Bonnet,9,Grass,Dark,111,127,99,79,99,55,False,https://raw.githubusercontent.com/PokeAPI/sprites/master/sprites/pokemon/986.png,95.0
987,Flutter Mane,9,Ghost,Fairy,55,55,55,135,135,135,False,https://raw.githubusercontent.com/PokeAPI/sprites/master/sprites/pokemon/987.png,95.0
988,Slither Wing,9,Bug,Fighting,85,135,79,85,105,81,False,https://raw.githubusercontent.com/PokeAPI/sprites/master/sprites/pokemon/988.png,95.0
989,Sandy Shocks,9,Electric,Ground,85,81,97,121,85,101,False,https://raw.githubusercontent.com/PokeAPI/sprites/master/sprites/pokemon/989.png,95.0
990,Iron Treads,9,Ground,Steel,90,112,120,72,70,106,False,https://raw.githubusercontent.com/PokeAPI/sprites/master/sprites/pokemon/990.png,95.0
991,Iron Bundle,9,Ice,Water,56,80,114,124,60,136,False,https://raw.githubusercontent.com/PokeAPI/sprites/master/sprites/pokemon/991.png,95.0
992,Iron Hands,9,Fighting,Electric,154,140,108,50,68,50,False,https://raw.githubusercontent.com/PokeAPI/sprites/master/sprites/pokemon/992.png,95.0
993,Iron Jugulis,9,Dark,Flying,94,80,86,122,80,108,False,https://raw.githubusercontent.com/PokeAPI/sprites/master/sprites/pokemon/993.png,95.0
994,Iron Moth,9,Fire,Poison,80,70,60,140,110,110,False,https://raw.githubusercontent.com/PokeAPI/sprites/master/sprites/pokemon/994.png,95.0
995,Iron Thorns,9,Rock,Electric,100,134,110,70,84,72,False,https://raw.githubusercontent.com/PokeAPI/sprites/master/sprites/pokemon/995.png,95.0
996,Frigibax,9,Dragon,Ice,65,75,45,35,45,55,False,https://raw.githubusercontent.com/PokeAPI/sprites/master/sprites/pokemon/996.png,53.33
997,Arctibax,9,Dragon,Ice,90,95,66,45,65,62,False,https://raw.githubusercontent.com/PokeAPI/sprites/master/sprites/pokemon/997.png,70.5
998,Baxcalibur,9,Dragon,Ice,115,145,92,75,86,87,False,https://raw.githubusercontent.com/PokeAPI/sprites/master/sprites/pokemon/998.png,100.0
999,Gimmighoul,9,Ghost,,45,30,70,75,70,10,False,https://raw.githubusercontent.com/PokeAPI/sprites/master/sprites/pokemon/999.png,50.0
1000,Gholdengo,9,Steel,Ghost,87,60,95,133,91,84,False,https://raw.githubusercontent.com/PokeAPI/sprites/master/sprites/pokemon/1000.png,91.67
1001,Wo Chien,9,Dark,Grass,85,85,100,95,135,70,True,https://raw.githubusercontent.com/PokeAPI/sprites/master/sprites/pokemon/1001.png,95.0
1002,Chien Pao,9,Dark,Ice,80,120,80,90,65,135,True,https://raw.githubusercontent.com/PokeAPI/sprites/master/sprites/pokemon/1002.png,95.0
1003,Ting Lu,9,Dark,Ground,155,110,125,55,80,45,True,https://raw.githubusercontent.com/PokeAPI/sprites/master/sprites/pokemon/1003.png,95.0
1004,Chi Yu,9,Dark,Fire,55,80,80,135,120,100,True,https://raw.githubusercontent.com/PokeAPI/sprites/master/sprites/pokemon/1004.png,95.0
1005,Roaring Moon,9,Dragon,Dark,105,139,71,55,101,119,False,https://raw.githubusercontent.com/PokeAPI/sprites/master/sprites/pokemon/1005.png,98.33
1006,Iron Valiant,9,Fairy,Fighting,74,130,90,120,60,116,False,https://raw.githubusercontent.com/PokeAPI/sprites/master/sprites/pokemon/1006.png,98.33
1007,Koraidon,9,Fighting,Dragon,100,135,115,85,100,135,True,https://raw.githubusercontent.com/PokeAPI/sprites/master/sprites/pokemon/1007.png,111.67
1008,Miraidon,9,Electric,Dragon,100,85,100,135,115,135,True,https://raw.githubusercontent.com/PokeAPI/sprites/master/sprites/pokemon/1008.png,111.67
1009,Walking Wake,9,Water,Dragon,99,83,91,125,83,109,True,https://raw.githubusercontent.com/PokeAPI/sprites/master/sprites/pokemon/1009.png,98.33
1010,Iron Leaves,9,Grass,Psychic,90,130,88,70,108,104,True,https://raw.githubusercontent.com/PokeAPI/sprites/master/sprites/pokemon/1010.png,98.33
1011,Dipplin,9,Grass,Dragon,80,80,110,95,80,40,False,https://raw.githubusercontent.com/PokeAPI/sprites/master/sprites/pokemon/1011.png,80.83
1012,Poltchageist,9,Grass,Ghost,40,45,45,74,54,50,False,https://raw.githubusercontent.com/PokeAPI/sprites/master/sprites/pokemon/1012.png,51.33
1013,Sinistcha,9,Grass,Ghost,71,60,106,121,80,70,False,https://raw.githubusercontent.com/PokeAPI/sprites/master/sprites/pokemon/1013.png,84.67
1014,Okidogi,9,Poison,Fighting,88,128,115,58,86,80,True,https://raw.githubusercontent.com/PokeAPI/sprites/master/sprites/pokemon/1014.png,92.5
1015,Munkidori,9,Poison,Psychic,88,75,66,130,90,106,True,https://raw.githubusercontent.com/PokeAPI/sprites/master/sprites/pokemon/1015.png,92.5
1016,Fezandipiti,9,Poison,Fairy,88,91,82,70,125,99,True,https://raw.githubusercontent.com/PokeAPI/sprites/master/sprites/pokemon/1016.png,92.5
1017,Ogerpon,9,Grass,,80,120,84,60,96,110,True,https://raw.githubusercontent.com/PokeAPI/sprites/master/sprites/pokemon/1017.png,91.67
1018,Archaludon,9,Steel,Dragon,90,105,130,125,65,85,False,https://raw.githubusercontent.com/PokeAPI/sprites/master/sprites/pokemon/1018.png,100.0
1019,Hydrapple,9,Grass,Dragon,106,80,110,120,80,44,False,https://raw.githubusercontent.com/PokeAPI/sprites/master/sprites/pokemon/1019.png,90.0
1020,Gouging Fire,9,Fire,Dragon,105,115,121,65,93,91,False,https://raw.githubusercontent.com/PokeAPI/sprites/master/sprites/pokemon/1020.png,98.33
1021,Raging Bolt,9,Electric,Dragon,125,73,91,137,89,75,False,https://raw.githubusercontent.com/PokeAPI/sprites/master/sprites/pokemon/1021.png,98.33
1022,Iron Boulder,9,Rock,Psychic,90,120,80,68,108,124,False,https://raw.githubusercontent.com/PokeAPI/sprites/master/sprites/pokemon/1022.png,98.33
1023,Iron Crown,9,Steel,Psychic,90,72,100,122,108,98,False,https://raw.githubusercontent.com/PokeAPI/sprites/master/sprites/pokemon/1023.png,98.33
1024,Terapagos,9,Normal,,90,65,85,65,85,60,True,https://raw.githubusercontent.com/PokeAPI/sprites/master/sprites/pokemon/1024.png,75.0
1025,Pecharunt,9,Poison,Ghost,88,88,160,88,88,88,True,https://raw.githubusercontent.com/PokeAPI/sprites/master/sprites/pokemon/1025.png,100.0
